"Informazioni cronologiche","Età","Genere","Stato civile","Stato occupazionale","Titolo di studio","Ha mai seguito una dieta?","Era seguito/a da una specialista (Nutrizionista, Dietologo, ecc)","La frequenza dei controlli le risultava adeguata?","Sperimenta nuove ricette in cucina?","Si annota le ricette che le piacciono?","In una scala da 1 a 5, dove 5 rappresenta il massimo, quanto le potrebbe essere utile ordinare la spesa a domicilio?","Le capita di saltare pasti durante la giornata?","Monitora il ritmo del sonno?","Quante ore dorme in media la notte?","Le capita di fare pasti ricorrenti durante la settimana?","E' solito leggere la scadenza di un prodotto prima di acquistarlo?","Tiene traccia della data di scadenza degli alimenti acquistati?","Le capita di dover gettare degli alimenti perché si dimentica della loro data di scadenza?","Beve regolarmente durante la giornata?"
"2022/11/25 7:39:44 PM CET","Fino a 25 anni","Femmina","Celibe/Nubile","Studente/ssa","Diploma di secondo grado","No","","","Sì","Sì, su carta","2","Sì","No","Oltre 6 ore","Sì","Sì","No","No","Si"
"2022/11/25 7:41:32 PM CET","Fino a 25 anni","Maschio","Celibe/Nubile","Studente/ssa","Diploma di secondo grado","No","","","No","","2","No","No","4 - 6 ore","Sì","Non faccio la spesa","Sì","Sì","Si"
"2022/11/25 7:45:38 PM CET","Fino a 25 anni","Maschio","Celibe/Nubile","Studente/ssa","Diploma di secondo grado","No","","","Sì","Sì, su un dispositivo elettronico","2","No","Sì","Oltre 6 ore","Sì","Sì","Sì","Sì","Si"
"2022/11/25 7:51:14 PM CET","Fino a 25 anni","Maschio","Celibe/Nubile","Studente/ssa","Laurea","No","","","No","","2","Sì","Sì","Oltre 6 ore","Sì","Sì","Sì","Sì","Vorrei bere di più"
"2022/11/25 8:08:39 PM CET","Fino a 25 anni","Femmina","Celibe/Nubile","Occupato/a","Laurea","Sì","No","","Sì","Sì, su carta","3","No","No","Oltre 6 ore","Sì","Sì","No","No","Si"
"2022/11/25 8:12:20 PM CET","Fino a 25 anni","Femmina","Celibe/Nubile","Studente/ssa","Diploma di secondo grado","Sì","Sì","Sì, ma avrei preferito essere seguito/a di più","Sì","Sì, su un dispositivo elettronico","4","Sì","No","Oltre 6 ore","Sì","Sì","No","Sì","Si"
"2022/11/25 8:13:17 PM CET","41 - 60 anni","Femmina","Vedovo/a","Occupato/a","Diploma di secondo grado","No","","","No","","2","No","No","4 - 6 ore","No","Sì","Sì","Sì","Vorrei bere di più"
"2022/11/25 8:13:54 PM CET","Fino a 25 anni","Femmina","Celibe/Nubile","Studente/ssa","Diploma di secondo grado","Sì","Sì","Sì, ma avrei preferito essere seguito/a di più","No","","3","Sì","No","Oltre 6 ore","Sì","Sì","No","No","No"
"2022/11/25 8:14:39 PM CET","Fino a 25 anni","Maschio","Celibe/Nubile","Occupato/a","Laurea","No","","","No","","3","No","No","Oltre 6 ore","Sì","Sì","No","No","Si"
"2022/11/25 8:17:52 PM CET","41 - 60 anni","Femmina","Celibe/Nubile","Occupato/a","Diploma di secondo grado","Sì","Sì","Sì, ero soddisfatto/a","Sì","Sì, su carta","1","Sì","No","Oltre 6 ore","Sì","Sì","No","Sì","Si"
"2022/11/25 8:18:10 PM CET","41 - 60 anni","Maschio","Coniugato/a","Occupato/a","Diploma di secondo grado","No","","","Sì","No","4","No","No","Oltre 6 ore","Sì","Sì","Sì","Sì","Vorrei bere di più"
"2022/11/25 8:18:58 PM CET","Fino a 25 anni","Maschio","Celibe/Nubile","Studente/ssa","Diploma di secondo grado","Sì","Sì","Sì, ero soddisfatto/a","Sì","Sì, su un dispositivo elettronico","2","Sì","No","4 - 6 ore","Sì","Sì","Sì","No","Vorrei bere di più"
"2022/11/25 8:21:46 PM CET","41 - 60 anni","Maschio","","","","No","","","No","","1","Sì","No","Oltre 6 ore","Sì","Sì","No","No","Si"
"2022/11/25 8:23:14 PM CET","41 - 60 anni","Femmina","Separato/a","Occupato/a","Laurea","Sì","Sì","Sì, ma avrei preferito essere seguito/a di più","Sì","Sì, su un dispositivo elettronico","1","No","Sì","4 - 6 ore","No","Sì","Sì","No","Si"
"2022/11/25 8:23:15 PM CET","41 - 60 anni","Femmina","Celibe/Nubile","Occupato/a","Diploma di secondo grado","Sì","Sì","Sì, ero soddisfatto/a","No","","1","Sì","No","Oltre 6 ore","Sì","Sì","No","Sì","Si"
"2022/11/25 8:26:32 PM CET","Fino a 25 anni","Femmina","Celibe/Nubile","Studente/ssa","Diploma di secondo grado","Sì","No","","Sì","Sì, su un dispositivo elettronico","2","No","No","Oltre 6 ore","Sì","Non faccio la spesa","No","Sì","Si"
"2022/11/25 8:29:52 PM CET","41 - 60 anni","Femmina","Coniugato/a","Occupato/a","Diploma di secondo grado","No","","","Sì","Sì, su carta","4","No","Sì","4 - 6 ore","Sì","Sì","Sì","Sì","Vorrei bere di più"
"2022/11/25 8:32:45 PM CET","Fino a 25 anni","Maschio","Celibe/Nubile","Studente/ssa","Diploma di secondo grado","Sì","Sì","Sì, ero soddisfatto/a","Sì","No","1","No","No","4 - 6 ore","Sì","Sì","Sì","No","Si"
"2022/11/25 8:37:31 PM CET","Fino a 25 anni","Maschio","Celibe/Nubile","Studente/ssa","Diploma di secondo grado","Sì","Sì","Sì, ero soddisfatto/a","No","","5","No","Sì","Oltre 6 ore","Sì","Sì","Sì","Sì","Si"
"2022/11/25 8:42:11 PM CET","Fino a 25 anni","Maschio","Celibe/Nubile","Studente/ssa","Diploma di secondo grado","Sì","Sì","No, avrei preferito essere seguito/a di più","Sì","No","3","No","Sì","4 - 6 ore","Sì","Sì","Sì","No","Vorrei bere di più"
"2022/11/25 8:42:45 PM CET","41 - 60 anni","Femmina","Coniugato/a","Occupato/a","Laurea","Sì","Sì","No, avrei preferito essere seguito/a di più","Sì","Sì, su un dispositivo elettronico","3","No","No","Oltre 6 ore","No","Sì","Sì","No","Si"
"2022/11/25 8:42:48 PM CET","41 - 60 anni","Femmina","Separato/a","Occupato/a","Laurea","Sì","Sì","Sì, ero soddisfatto/a","No","","3","Sì","No","4 - 6 ore","No","Sì","No","No","Si"
"2022/11/25 8:44:36 PM CET","Fino a 25 anni","Maschio","","Studente/ssa","Diploma di secondo grado","Sì","Sì","Sì, ero soddisfatto/a","No","","2","No","Sì","4 - 6 ore","No","No","Sì","Sì","Si"
"2022/11/25 8:44:57 PM CET","41 - 60 anni","Maschio","Coniugato/a","Occupato/a","Diploma di secondo grado","Sì","Sì","Sì, ero soddisfatto/a","Sì","No","1","Sì","No","Oltre 6 ore","No","Sì","Sì","Sì","No"
"2022/11/25 8:46:33 PM CET","Fino a 25 anni","Maschio","Celibe/Nubile","Studente/ssa","Diploma di secondo grado","Sì","Sì","Sì, ero soddisfatto/a","No","","2","No","No","Oltre 6 ore","No","No","No","Sì","Vorrei bere di più"
"2022/11/25 8:46:40 PM CET","26 - 40 anni","Femmina","Celibe/Nubile","Occupato/a","Diploma di secondo grado","Sì","No","","Sì","Sì, su carta","1","Sì","Sì","Oltre 6 ore","Sì","Sì","Sì","No","Si"
"2022/11/25 8:46:49 PM CET","Fino a 25 anni","Femmina","Coniugato/a","Studente/ssa","Diploma di secondo grado","No","","","Sì","Sì, su un dispositivo elettronico","3","Sì","No","Oltre 6 ore","Sì","Sì","Sì","Sì","Si"
"2022/11/25 8:46:55 PM CET","26 - 40 anni","Maschio","Celibe/Nubile","Studente/ssa","Diploma di secondo grado","No","","","Sì","Sì, su un dispositivo elettronico","5","Sì","No","Oltre 6 ore","No","Sì","No","Sì","No"
"2022/11/25 8:47:10 PM CET","41 - 60 anni","Femmina","Divorziato/a","Casalinga/o","Diploma di secondo grado","Sì","Sì","Sì, ero soddisfatto/a","No","","1","Sì","Sì","4 - 6 ore","Sì","Sì","Sì","No","No"
"2022/11/25 8:50:13 PM CET","Fino a 25 anni","Femmina","Celibe/Nubile","Studente/ssa","Diploma di secondo grado","Sì","Sì","No, avrei preferito essere seguito/a di più","Sì","Sì, su un dispositivo elettronico","3","No","Sì","4 - 6 ore","Sì","Sì","Sì","Sì","Si"
"2022/11/25 8:50:24 PM CET","41 - 60 anni","Femmina","Coniugato/a","Occupato/a","Laurea","Sì","Sì","Sì, ero soddisfatto/a","Sì","Sì, su un dispositivo elettronico","5","Sì","No","4 - 6 ore","Sì","Sì","No","Sì","Si"
"2022/11/25 8:51:48 PM CET","Oltre 60 anni","Femmina","Celibe/Nubile","Studente/ssa","Licenza media","Sì","No","","Sì","Sì, su carta","3","Sì","No","4 - 6 ore","Sì","Sì","Sì","Sì","Vorrei bere di più"
"2022/11/25 8:52:38 PM CET","41 - 60 anni","Femmina","Coniugato/a","Occupato/a","Laurea","No","","","Sì","Sì, su carta","1","No","No","4 - 6 ore","No","Sì","No","No","Si"
"2022/11/25 8:52:57 PM CET","26 - 40 anni","Femmina","Celibe/Nubile","Occupato/a","Laurea","No","","","Sì","Sì, su un dispositivo elettronico","5","Sì","No","4 - 6 ore","Sì","Sì","No","Sì","Si"
"2022/11/25 8:56:42 PM CET","26 - 40 anni","Maschio","Celibe/Nubile","Occupato/a","Laurea","Sì","Sì","Sì, ma avrei preferito essere seguito/a di più","No","","5","Sì","No","4 - 6 ore","Sì","No","No","Sì","Vorrei bere di più"
"2022/11/25 8:56:54 PM CET","Fino a 25 anni","Maschio","Celibe/Nubile","Studente/ssa","Diploma di secondo grado","Sì","No","","Sì","Sì, su un dispositivo elettronico","3","Sì","No","Oltre 6 ore","No","No","Sì","No","Si"
"2022/11/25 8:58:36 PM CET","Fino a 25 anni","Femmina","Celibe/Nubile","Studente/ssa","Diploma di secondo grado","No","","","No","","2","Sì","No","Oltre 6 ore","Sì","Sì","Sì","No","Si"
"2022/11/25 8:58:36 PM CET","Fino a 25 anni","Femmina","Celibe/Nubile","Studente/ssa","Diploma di secondo grado","Sì","Sì","Sì, ero soddisfatto/a","Sì","Sì, su un dispositivo elettronico","5","No","Sì","Oltre 6 ore","Sì","Sì","Sì","No","Si"
"2022/11/25 9:04:05 PM CET","Oltre 60 anni","Maschio","Coniugato/a","Pensionato/a","Laurea","Sì","Sì","Sì, ero soddisfatto/a","No","","1","No","No","Oltre 6 ore","No","Sì","No","Sì","Vorrei bere di più"
"2022/11/25 9:04:23 PM CET","Oltre 60 anni","Femmina","Celibe/Nubile","Occupato/a","Diploma di secondo grado","Sì","Sì","No, avrei preferito essere seguito/a di più","No","","1","Sì","No","4 - 6 ore","Sì","Sì","No","Sì","Si"
"2022/11/25 9:07:40 PM CET","41 - 60 anni","Femmina","Celibe/Nubile","Occupato/a","Laurea","No","","","Sì","Sì, su un dispositivo elettronico","3","No","No","Oltre 6 ore","No","Sì","No","Sì","Vorrei bere di più"
"2022/11/25 9:16:43 PM CET","Fino a 25 anni","Maschio","Celibe/Nubile","Studente/ssa","Diploma di secondo grado","No","","","Sì","No","1","No","No","4 - 6 ore","Sì","Sì","Sì","No","Si"
"2022/11/25 9:22:23 PM CET","Fino a 25 anni","Maschio","Celibe/Nubile","Studente/ssa","Diploma di secondo grado","Sì","Sì","Sì, ero soddisfatto/a","Sì","Sì, su un dispositivo elettronico","3","No","No","4 - 6 ore","Sì","No","Sì","No","No"
"2022/11/25 9:24:28 PM CET","Oltre 60 anni","Femmina","Celibe/Nubile","Occupato/a","Diploma di secondo grado","Sì","Sì","Sì, ma avrei preferito essere seguito/a di più","Sì","Sì, su carta","2","Sì","No","Oltre 6 ore","Sì","Sì","No","Sì","Si"
"2022/11/25 9:28:07 PM CET","41 - 60 anni","Femmina","Separato/a","Occupato/a","Diploma di secondo grado","No","","","Sì","Sì, su carta","3","No","No","Oltre 6 ore","Sì","Sì","No","No","Vorrei bere di più"
"2022/11/25 9:32:05 PM CET","41 - 60 anni","Femmina","Divorziato/a","Occupato/a","Licenza media","Sì","Sì","No, avrei preferito essere seguito/a di più","Sì","Sì, su carta","4","Sì","No","4 - 6 ore","No","Sì","No","Sì","Si"
"2022/11/25 9:32:18 PM CET","41 - 60 anni","Femmina","Coniugato/a","Occupato/a","Laurea","Sì","Sì","Sì, ero soddisfatto/a","Sì","Sì, su carta","4","Sì","No","Oltre 6 ore","Sì","Sì","No","Sì","Vorrei bere di più"
"2022/11/25 9:36:25 PM CET","41 - 60 anni","Maschio","Separato/a","Occupato/a","Licenza media","Sì","Sì","Sì, ero soddisfatto/a","Sì","Sì, su un dispositivo elettronico","3","Sì","No","4 - 6 ore","No","Sì","Sì","Sì","Si"
"2022/11/25 9:36:58 PM CET","Oltre 60 anni","Femmina","Divorziato/a","Occupato/a","Diploma di secondo grado","Sì","Sì","Sì, ero soddisfatto/a","Sì","No","1","Sì","No","Oltre 6 ore","Sì","No","Sì","Sì","Si"
"2022/11/25 9:39:57 PM CET","Fino a 25 anni","Maschio","","Studente/ssa","Laurea","No","","","Sì","No","3","Sì","No","4 - 6 ore","Sì","Sì","Sì","Sì","Si"
"2022/11/25 9:40:51 PM CET","Oltre 60 anni","Maschio","Coniugato/a","Occupato/a","Laurea","Sì","Sì","Sì, ero soddisfatto/a","No","","1","Sì","No","Oltre 6 ore","No","Sì","No","No","Vorrei bere di più"
"2022/11/25 9:42:40 PM CET","26 - 40 anni","Femmina","Celibe/Nubile","Occupato/a","Diploma di secondo grado","Sì","Sì","Sì, ero soddisfatto/a","Sì","No","2","Sì","No","4 - 6 ore","Sì","Sì","Sì","Sì","Vorrei bere di più"
"2022/11/25 9:44:22 PM CET","41 - 60 anni","Maschio","Coniugato/a","Occupato/a","Laurea","Sì","Sì","Sì, ero soddisfatto/a","Sì","No","1","No","No","4 - 6 ore","Sì","Sì","Sì","No","Si"
"2022/11/25 9:52:29 PM CET","26 - 40 anni","Maschio","Coniugato/a","Occupato/a","Laurea","No","","","No","","1","No","No","Oltre 6 ore","Sì","Sì","Sì","No","Si"
"2022/11/25 9:53:28 PM CET","26 - 40 anni","Femmina","Coniugato/a","Casalinga/o","Diploma di secondo grado","Sì","Sì","No, avrei preferito essere seguito/a di meno","Sì","Sì, su carta","3","Sì","No","4 - 6 ore","Sì","Sì","Sì","No","Si"
"2022/11/25 9:56:19 PM CET","41 - 60 anni","Maschio","Celibe/Nubile","Occupato/a","Diploma di secondo grado","Sì","Sì","No, avrei preferito essere seguito/a di più","No","","4","No","No","4 - 6 ore","Sì","No","Sì","Sì","Vorrei bere di più"
"2022/11/25 10:09:21 PM CET","Fino a 25 anni","Maschio","Celibe/Nubile","Studente/ssa","Diploma di secondo grado","Sì","No","","Sì","Sì, su carta","4","No","Sì","Oltre 6 ore","Sì","Sì","Sì","No","Si"
"2022/11/25 10:12:59 PM CET","Fino a 25 anni","Maschio","Celibe/Nubile","Disoccupato/a","Diploma di secondo grado","Sì","No","","Sì","Sì, su un dispositivo elettronico","3","No","Sì","Oltre 6 ore","Sì","Sì","Sì","Sì","Si"
"2022/11/25 10:22:27 PM CET","Fino a 25 anni","Femmina","Celibe/Nubile","Studente/ssa","Diploma di secondo grado","No","","","Sì","No","4","No","No","Oltre 6 ore","Sì","Sì","Sì","Sì","Vorrei bere di più"
"2022/11/25 11:25:11 PM CET","41 - 60 anni","Femmina","Coniugato/a","Occupato/a","Laurea","Sì","Sì","Sì, ero soddisfatto/a","Sì","Sì, su un dispositivo elettronico","5","Sì","No","4 - 6 ore","Sì","Sì","Sì","Sì","Vorrei bere di più"
"2022/11/25 11:49:49 PM CET","Fino a 25 anni","Maschio","Celibe/Nubile","Studente/ssa","Diploma di secondo grado","Sì","No","","Sì","Sì, su un dispositivo elettronico","4","Sì","No","4 - 6 ore","Sì","Sì","Sì","No","Si"
"2022/11/26 12:36:26 AM CET","41 - 60 anni","Femmina","Celibe/Nubile","Occupato/a","Laurea","Sì","No","","No","","3","Sì","Sì","4 - 6 ore","Sì","Sì","No","Sì","No"
"2022/11/26 8:17:02 AM CET","41 - 60 anni","Femmina","Coniugato/a","Casalinga/o","Diploma di secondo grado","Sì","No","","Sì","Sì, su carta","1","Sì","No","4 - 6 ore","Sì","Sì","Sì","No","Si"
"2022/11/26 9:04:40 AM CET","Fino a 25 anni","Maschio","Celibe/Nubile","Occupato/a","Diploma di secondo grado","No","","","Sì","No","3","No","Sì","4 - 6 ore","Sì","Sì","Sì","No","Si"
"2022/11/26 9:14:03 AM CET","Fino a 25 anni","Femmina","Celibe/Nubile","Studente/ssa","Diploma di secondo grado","No","","","Sì","Sì, su un dispositivo elettronico","3","No","Sì","Oltre 6 ore","Sì","Sì","Sì","Sì","Vorrei bere di più"
"2022/11/26 9:21:45 AM CET","41 - 60 anni","Femmina","Coniugato/a","Occupato/a","Laurea","Sì","No","","No","","3","Sì","Sì","4 - 6 ore","Sì","Sì","Sì","Sì","Vorrei bere di più"
"2022/11/26 10:22:57 AM CET","Oltre 60 anni","Maschio","","","Diploma di secondo grado","No","","","Sì","Sì, su un dispositivo elettronico","5","Sì","Sì","Oltre 6 ore","Sì","Sì","No","No","Vorrei bere di più"
"2022/11/26 12:02:22 PM CET","Fino a 25 anni","Maschio","Celibe/Nubile","Studente/ssa","Diploma di secondo grado","Sì","No","","Sì","Sì, su un dispositivo elettronico","5","No","No","Oltre 6 ore","Sì","Sì","Sì","Sì","Si"
"2022/11/26 12:03:50 PM CET","Fino a 25 anni","Maschio","Celibe/Nubile","Studente/ssa","Diploma di secondo grado","Sì","Sì","Sì, ero soddisfatto/a","No","","2","No","No","Oltre 6 ore","No","Non faccio la spesa","Sì","No","Vorrei bere di più"
"2022/11/26 12:05:37 PM CET","Fino a 25 anni","Maschio","Celibe/Nubile","Studente/ssa","Diploma di secondo grado","Sì","No","","Sì","Sì, su un dispositivo elettronico","4","No","No","Oltre 6 ore","Sì","Sì","Sì","No","Vorrei bere di più"
"2022/11/26 12:06:41 PM CET","Fino a 25 anni","Femmina","Celibe/Nubile","Studente/ssa","Diploma di secondo grado","No","","","Sì","Sì, su carta","4","No","No","4 - 6 ore","Sì","Sì","No","No","Si"
"2022/11/26 12:07:22 PM CET","Fino a 25 anni","Femmina","Celibe/Nubile","Studente/ssa","Diploma di secondo grado","Sì","No","","Sì","Sì, su un dispositivo elettronico","3","No","Sì","Oltre 6 ore","Sì","Non faccio la spesa","No","No","Si"
"2022/11/26 12:07:24 PM CET","Fino a 25 anni","Maschio","Coniugato/a","Studente/ssa","Diploma di secondo grado","Sì","No","","No","","1","Sì","No","Oltre 6 ore","No","Non faccio la spesa","No","No","Si"
"2022/11/26 12:07:44 PM CET","Fino a 25 anni","Femmina","Celibe/Nubile","Studente/ssa","Laurea","Sì","No","","Sì","Sì, su carta","3","No","No","4 - 6 ore","Sì","Sì","Sì","Sì","Vorrei bere di più"
"2022/11/26 12:09:31 PM CET","Fino a 25 anni","Maschio","Celibe/Nubile","Studente/ssa","Diploma di secondo grado","Sì","Sì","Sì, ero soddisfatto/a","Sì","Sì, su un dispositivo elettronico","5","Sì","No","Oltre 6 ore","Sì","Sì","Sì","Sì","Vorrei bere di più"
"2022/11/26 12:09:45 PM CET","Fino a 25 anni","Maschio","Celibe/Nubile","Occupato/a","Laurea","Sì","Sì","Sì, ero soddisfatto/a","Sì","Sì, su un dispositivo elettronico","4","Sì","Sì","4 - 6 ore","Sì","Sì","Sì","No","Vorrei bere di più"
"2022/11/26 12:09:52 PM CET","Fino a 25 anni","Femmina","Celibe/Nubile","Occupato/a","Diploma di secondo grado","No","","","No","","4","Sì","No","Oltre 6 ore","Sì","No","Sì","Sì","Vorrei bere di più"
"2022/11/26 12:10:47 PM CET","Fino a 25 anni","Femmina","Celibe/Nubile","Studente/ssa","Laurea","No","","","Sì","Sì, su un dispositivo elettronico","4","No","No","Oltre 6 ore","Sì","No","Sì","Sì","Vorrei bere di più"
"2022/11/26 12:11:02 PM CET","Fino a 25 anni","Maschio","Celibe/Nubile","Studente/ssa","Laurea","No","","","Sì","Sì, su un dispositivo elettronico","4","Sì","No","Oltre 6 ore","Sì","Sì","No","Sì","Si"
"2022/11/26 12:11:07 PM CET","Fino a 25 anni","Maschio","Celibe/Nubile","Studente/ssa","Diploma di secondo grado","Sì","No","","Sì","No","5","Sì","Sì","4 - 6 ore","Sì","Sì","Sì","No","Vorrei bere di più"
"2022/11/26 12:11:14 PM CET","Fino a 25 anni","Femmina","Celibe/Nubile","Studente/ssa","Diploma di secondo grado","Sì","No","","Sì","Sì, su un dispositivo elettronico","4","No","Sì","4 - 6 ore","Sì","Sì","Sì","Sì","Vorrei bere di più"
"2022/11/26 12:12:49 PM CET","Fino a 25 anni","Femmina","Celibe/Nubile","Occupato/a","Laurea","No","","","Sì","Sì, su un dispositivo elettronico","4","No","Sì","Oltre 6 ore","Sì","Sì","Sì","No","Si"
"2022/11/26 12:14:34 PM CET","Fino a 25 anni","Maschio","Celibe/Nubile","Studente/ssa","Laurea","No","","","Sì","Sì, su un dispositivo elettronico","2","No","No","Oltre 6 ore","No","Sì","No","Sì","Vorrei bere di più"
"2022/11/26 12:15:40 PM CET","Fino a 25 anni","Femmina","Celibe/Nubile","Studente/ssa","Diploma di secondo grado","Sì","No","","Sì","Sì, su carta","2","Sì","No","4 - 6 ore","Sì","Sì","Sì","Sì","Si"
"2022/11/26 12:15:51 PM CET","Fino a 25 anni","Maschio","Celibe/Nubile","Studente/ssa","Diploma di secondo grado","No","","","No","","4","Sì","No","Oltre 6 ore","Sì","Sì","No","Sì","Si"
"2022/11/26 12:16:27 PM CET","Fino a 25 anni","Femmina","Celibe/Nubile","Studente/ssa","Diploma di secondo grado","Sì","Sì","Sì, ero soddisfatto/a","Sì","Sì, su un dispositivo elettronico","1","Sì","No","Oltre 6 ore","Sì","Sì","No","Sì","Vorrei bere di più"
"2022/11/26 12:17:43 PM CET","41 - 60 anni","Femmina","Coniugato/a","Occupato/a","Laurea","Sì","Sì","Sì, ero soddisfatto/a","Sì","Sì, su carta","5","No","No","4 - 6 ore","Sì","Sì","No","Sì","Vorrei bere di più"
"2022/11/26 12:18:10 PM CET","Fino a 25 anni","Femmina","","Studente/ssa","Diploma di secondo grado","Sì","Sì","Sì, ero soddisfatto/a","Sì","No","1","Sì","No","Oltre 6 ore","No","Sì","Sì","No","Vorrei bere di più"
"2022/11/26 12:18:18 PM CET","Fino a 25 anni","Maschio","Celibe/Nubile","Studente/ssa","Diploma di secondo grado","Sì","Sì","Sì, ero soddisfatto/a","Sì","Sì, su carta","1","No","No","Oltre 6 ore","Sì","Sì","Sì","No","Vorrei bere di più"
"2022/11/26 12:18:54 PM CET","Fino a 25 anni","Femmina","Celibe/Nubile","Studente/ssa","Diploma di secondo grado","Sì","Sì","Sì, ma avrei preferito essere seguito/a di più","Sì","Sì, su un dispositivo elettronico","1","Sì","No","4 - 6 ore","Sì","Sì","No","Sì","Vorrei bere di più"
"2022/11/26 12:18:59 PM CET","Fino a 25 anni","Maschio","Celibe/Nubile","Studente/ssa","Laurea","Sì","No","","Sì","Sì, su un dispositivo elettronico","3","No","No","4 - 6 ore","Sì","Sì","Sì","No","Si"
"2022/11/26 12:19:30 PM CET","Fino a 25 anni","Maschio","Celibe/Nubile","Studente/ssa","Diploma di secondo grado","No","","","Sì","Sì, su un dispositivo elettronico","3","No","No","Oltre 6 ore","Sì","Sì","Sì","No","Si"
"2022/11/26 12:20:44 PM CET","Fino a 25 anni","Femmina","","Studente/ssa","Diploma di secondo grado","No","","","Sì","No","2","Sì","No","4 - 6 ore","Sì","Non faccio la spesa","No","Sì","Si"
"2022/11/26 12:20:54 PM CET","Fino a 25 anni","Maschio","Celibe/Nubile","Studente/ssa","Diploma di secondo grado","No","","","No","","2","No","No","Oltre 6 ore","Sì","Sì","Sì","No","No"
"2022/11/26 12:21:42 PM CET","Fino a 25 anni","Femmina","Celibe/Nubile","Studente/ssa","Diploma di secondo grado","No","","","No","","2","No","No","Oltre 6 ore","Sì","Non faccio la spesa","No","Sì","Vorrei bere di più"
"2022/11/26 12:22:26 PM CET","Fino a 25 anni","Femmina","Celibe/Nubile","Studente/ssa","Laurea","Sì","Sì","Sì, ero soddisfatto/a","Sì","No","3","No","No","4 - 6 ore","No","Sì","Sì","No","Si"
"2022/11/26 12:22:36 PM CET","Fino a 25 anni","Maschio","Celibe/Nubile","Studente/ssa","Diploma di secondo grado","No","","","No","","3","No","No","Oltre 6 ore","Sì","Sì","Sì","No","No"
"2022/11/26 12:22:42 PM CET","Fino a 25 anni","Femmina","Celibe/Nubile","Studente/ssa","Diploma di secondo grado","Sì","Sì","Sì, ero soddisfatto/a","Sì","No","1","Sì","No","Oltre 6 ore","Sì","Sì","Sì","Sì","Vorrei bere di più"
"2022/11/26 12:24:43 PM CET","Fino a 25 anni","Femmina","Celibe/Nubile","Studente/ssa","Diploma di secondo grado","Sì","Sì","Sì, ero soddisfatto/a","Sì","Sì, su un dispositivo elettronico","4","Sì","Sì","Oltre 6 ore","No","Sì","Sì","No","Si"
"2022/11/26 12:26:38 PM CET","Fino a 25 anni","Maschio","Celibe/Nubile","Studente/ssa","Diploma di secondo grado","No","","","No","","1","No","Sì","Oltre 6 ore","Sì","Sì","Sì","No","Vorrei bere di più"
"2022/11/26 12:32:54 PM CET","Fino a 25 anni","Femmina","Celibe/Nubile","Studente/ssa","Laurea","No","","","Sì","Sì, su carta","3","No","No","Oltre 6 ore","Sì","No","No","No","Si"
"2022/11/26 12:33:28 PM CET","41 - 60 anni","Femmina","Separato/a","Disoccupato/a","Licenza media","Sì","Sì","Sì, ero soddisfatto/a","Sì","Sì, su carta","1","Sì","No","Oltre 6 ore","Sì","Sì","Sì","Sì","Vorrei bere di più"
"2022/11/26 12:34:49 PM CET","Fino a 25 anni","Maschio","Celibe/Nubile","Studente/ssa","Diploma di secondo grado","No","","","Sì","No","4","No","No","Oltre 6 ore","Sì","Sì","No","No","Si"
"2022/11/26 12:37:57 PM CET","41 - 60 anni","Femmina","Separato/a","Occupato/a","Laurea","Sì","No","","Sì","No","3","Sì","No","4 - 6 ore","Sì","Sì","No","Sì","Vorrei bere di più"
"2022/11/26 12:38:08 PM CET","Fino a 25 anni","Femmina","Celibe/Nubile","Studente/ssa","Laurea","Sì","No","","Sì","Sì, su un dispositivo elettronico","3","Sì","Sì","Oltre 6 ore","Sì","Sì","Sì","Sì","Vorrei bere di più"
"2022/11/26 12:39:16 PM CET","Fino a 25 anni","Femmina","Celibe/Nubile","Studente/ssa","Diploma di secondo grado","Sì","No","","Sì","Sì, su un dispositivo elettronico","3","Sì","No","Oltre 6 ore","Sì","Sì","No","Sì","Vorrei bere di più"
"2022/11/26 12:40:04 PM CET","41 - 60 anni","Femmina","Coniugato/a","Occupato/a","Diploma di secondo grado","Sì","Sì","Sì, ero soddisfatto/a","Sì","No","5","Sì","Sì","4 - 6 ore","Sì","Sì","Sì","No","Si"
"2022/11/26 12:40:16 PM CET","41 - 60 anni","Femmina","Divorziato/a","Occupato/a","Diploma di secondo grado","Sì","No","","Sì","Sì, su un dispositivo elettronico","1","No","No","Oltre 6 ore","Sì","Sì","Sì","Sì","Si"
"2022/11/26 12:40:19 PM CET","Fino a 25 anni","Maschio","Celibe/Nubile","Studente/ssa","Diploma di secondo grado","No","","","No","","2","No","No","Oltre 6 ore","Sì","Sì","Sì","Sì","Si"
"2022/11/26 12:42:12 PM CET","Fino a 25 anni","Maschio","","","","No","","","Sì","Sì, su un dispositivo elettronico","5","No","No","Oltre 6 ore","Sì","Sì","Sì","Sì","Vorrei bere di più"
"2022/11/26 12:42:16 PM CET","Fino a 25 anni","Femmina","Celibe/Nubile","Occupato/a","Diploma di secondo grado","Sì","No","","Sì","Sì, su carta","4","Sì","No","Oltre 6 ore","Sì","Sì","No","No","Si"
"2022/11/26 12:44:14 PM CET","Fino a 25 anni","Maschio","Celibe/Nubile","Occupato/a","Diploma di secondo grado","No","","","No","","1","Sì","No","4 - 6 ore","Sì","Sì","Sì","Sì","Si"
"2022/11/26 12:46:31 PM CET","Fino a 25 anni","Maschio","Celibe/Nubile","Studente/ssa","Diploma di secondo grado","Sì","Sì","Sì, ero soddisfatto/a","Sì","Sì, su carta","5","Sì","No","Oltre 6 ore","Sì","Sì","No","Sì","Si"
"2022/11/26 12:46:56 PM CET","Fino a 25 anni","Maschio","Celibe/Nubile","Studente/ssa","Diploma di secondo grado","No","","","Sì","No","2","Sì","No","Oltre 6 ore","Sì","Sì","Sì","Sì","Vorrei bere di più"
"2022/11/26 12:47:47 PM CET","Fino a 25 anni","Maschio","Celibe/Nubile","Studente/ssa","Diploma di secondo grado","No","","","No","","1","No","No","Oltre 6 ore","Sì","No","Sì","Sì","Vorrei bere di più"
"2022/11/26 12:48:37 PM CET","26 - 40 anni","Maschio","Coniugato/a","Occupato/a","Diploma di secondo grado","No","","","No","","3","No","No","Oltre 6 ore","Sì","Sì","Sì","Sì","Si"
"2022/11/26 12:49:22 PM CET","26 - 40 anni","Maschio","Celibe/Nubile","Studente/ssa","Laurea","Sì","Sì","Sì, ero soddisfatto/a","No","","4","No","No","4 - 6 ore","Sì","Sì","Sì","Sì","Si"
"2022/11/26 12:50:52 PM CET","Fino a 25 anni","Maschio","Celibe/Nubile","Studente/ssa","Diploma di secondo grado","No","","","Sì","Sì, su un dispositivo elettronico","3","Sì","No","Oltre 6 ore","No","Sì","No","No","Vorrei bere di più"
"2022/11/26 12:54:05 PM CET","Fino a 25 anni","Maschio","Celibe/Nubile","Studente/ssa","Diploma di secondo grado","Sì","Sì","Sì, ero soddisfatto/a","Sì","Sì, su un dispositivo elettronico","5","No","No","4 - 6 ore","Sì","Sì","Sì","Sì","Vorrei bere di più"
"2022/11/26 12:54:28 PM CET","Fino a 25 anni","Maschio","Celibe/Nubile","Studente/ssa","Diploma di secondo grado","Sì","No","","No","","1","Sì","No","Oltre 6 ore","Sì","Non faccio la spesa","No","Sì","Si"
"2022/11/26 12:55:57 PM CET","Fino a 25 anni","Maschio","Celibe/Nubile","Studente/ssa","Diploma di secondo grado","Sì","Sì","Sì, ma avrei preferito essere seguito/a di più","No","","3","No","No","Oltre 6 ore","Sì","Sì","No","Sì","Si"
"2022/11/26 12:56:41 PM CET","Fino a 25 anni","Femmina","Celibe/Nubile","Studente/ssa","Diploma di secondo grado","No","","","Sì","Sì, su un dispositivo elettronico","4","Sì","No","Oltre 6 ore","Sì","Sì","Sì","Sì","Si"
"2022/11/26 12:59:53 PM CET","Fino a 25 anni","Maschio","Celibe/Nubile","Studente/ssa","Diploma di secondo grado","Sì","No","","Sì","Sì, su un dispositivo elettronico","4","No","No","Oltre 6 ore","Sì","Sì","Sì","No","Si"
"2022/11/26 1:00:20 PM CET","Fino a 25 anni","Maschio","Celibe/Nubile","Studente/ssa","Diploma di secondo grado","Sì","Sì","Sì, ero soddisfatto/a","Sì","No","3","Sì","No","Oltre 6 ore","Sì","Sì","Sì","Sì","Si"
"2022/11/26 1:02:26 PM CET","Oltre 60 anni","Femmina","Coniugato/a","Occupato/a","Diploma di secondo grado","Sì","Sì","Sì, ero soddisfatto/a","No","","3","Sì","No","Oltre 6 ore","Sì","Sì","Sì","Sì","Vorrei bere di più"
"2022/11/26 1:02:31 PM CET","41 - 60 anni","Femmina","Celibe/Nubile","Casalinga/o","Diploma di secondo grado","Sì","Sì","Sì, ero soddisfatto/a","Sì","Sì, su un dispositivo elettronico","5","Sì","No","Oltre 6 ore","Sì","Sì","Sì","Sì","Vorrei bere di più"
"2022/11/26 1:02:33 PM CET","Oltre 60 anni","Maschio","Coniugato/a","Pensionato/a","Diploma di secondo grado","Sì","Sì","Sì, ero soddisfatto/a","No","","3","No","No","Oltre 6 ore","Sì","Sì","Sì","Sì","Vorrei bere di più"
"2022/11/26 1:07:24 PM CET","41 - 60 anni","Femmina","Separato/a","Occupato/a","Licenza media","Sì","Sì","Sì, ero soddisfatto/a","Sì","Sì, su carta","1","Sì","No","4 - 6 ore","No","Sì","Sì","No","Si"
"2022/11/26 1:07:28 PM CET","41 - 60 anni","Femmina","Celibe/Nubile","Occupato/a","Diploma di secondo grado","Sì","Sì","Sì, ma avrei preferito essere seguito/a di più","Sì","No","5","No","No","Oltre 6 ore","No","No","Sì","No","Si"
"2022/11/26 1:09:26 PM CET","41 - 60 anni","Femmina","Coniugato/a","Occupato/a","Diploma di secondo grado","Sì","Sì","Sì, ero soddisfatto/a","Sì","Sì, su carta","2","No","No","4 - 6 ore","No","Sì","No","Sì","No"
"2022/11/26 1:11:47 PM CET","41 - 60 anni","Femmina","Divorziato/a","Occupato/a","Diploma di secondo grado","Sì","Sì","Sì, ero soddisfatto/a","No","","5","No","No","Oltre 6 ore","Sì","Sì","Sì","No","Si"
"2022/11/26 1:11:50 PM CET","Fino a 25 anni","Femmina","Celibe/Nubile","Studente/ssa","Diploma di secondo grado","Sì","Sì","Sì, ero soddisfatto/a","Sì","Sì, su carta","1","Sì","No","Oltre 6 ore","Sì","Sì","Sì","Sì","Si"
"2022/11/26 1:11:58 PM CET","41 - 60 anni","Femmina","Separato/a","Disoccupato/a","Diploma di secondo grado","No","","","Sì","Sì, su un dispositivo elettronico","3","No","No","4 - 6 ore","Sì","Sì","Sì","Sì","Si"
"2022/11/26 1:19:16 PM CET","Fino a 25 anni","Maschio","Celibe/Nubile","Studente/ssa","Diploma di secondo grado","Sì","No","","Sì","No","5","Sì","No","Oltre 6 ore","Sì","No","Sì","No","Si"
"2022/11/26 1:20:48 PM CET","41 - 60 anni","Femmina","Divorziato/a","Disoccupato/a","Laurea","Sì","No","","Sì","Sì, su un dispositivo elettronico","3","No","Sì","Oltre 6 ore","Sì","Sì","Sì","No","Si"
"2022/11/26 1:22:45 PM CET","Fino a 25 anni","Femmina","Celibe/Nubile","Studente/ssa","Diploma di secondo grado","Sì","Sì","Sì, ma avrei preferito essere seguito/a di più","Sì","Sì, su un dispositivo elettronico","2","No","No","4 - 6 ore","Sì","Sì","Sì","No","Vorrei bere di più"
"2022/11/26 1:23:08 PM CET","Fino a 25 anni","Femmina","Coniugato/a","Occupato/a","Diploma di secondo grado","Sì","Sì","Sì, ero soddisfatto/a","Sì","Sì, su un dispositivo elettronico","1","Sì","No","4 - 6 ore","Sì","Sì","Sì","Sì","Vorrei bere di più"
"2022/11/26 1:24:55 PM CET","Oltre 60 anni","Femmina","Celibe/Nubile","Pensionato/a","Laurea","Sì","Sì","Sì, ero soddisfatto/a","No","","3","No","Sì","Oltre 6 ore","Sì","Sì","No","Sì","Vorrei bere di più"
"2022/11/26 1:25:58 PM CET","Oltre 60 anni","Maschio","Celibe/Nubile","Pensionato/a","Laurea","Sì","Sì","Sì, ero soddisfatto/a","Sì","Sì, su un dispositivo elettronico","1","No","No","4 - 6 ore","Sì","Sì","Sì","Sì","Si"
"2022/11/26 1:28:26 PM CET","Oltre 60 anni","Femmina","Coniugato/a","Pensionato/a","Laurea","No","","","Sì","No","1","No","No","Oltre 6 ore","No","Sì","Sì","No","Si"
"2022/11/26 1:30:50 PM CET","Fino a 25 anni","Maschio","Celibe/Nubile","Studente/ssa","Diploma di secondo grado","No","","","Sì","Sì, su carta","4","No","No","Oltre 6 ore","Sì","Sì","Sì","Sì","Si"
"2022/11/26 1:34:47 PM CET","26 - 40 anni","Femmina","Celibe/Nubile","Studente/ssa","Diploma di secondo grado","Sì","No","","Sì","Sì, su carta","2","Sì","No","4 - 6 ore","Sì","Sì","Sì","No","Vorrei bere di più"
"2022/11/26 1:38:49 PM CET","Fino a 25 anni","Maschio","Celibe/Nubile","Studente/ssa","Diploma di secondo grado","No","","","No","","2","No","No","Oltre 6 ore","Sì","Sì","Sì","Sì","Vorrei bere di più"
"2022/11/26 1:39:49 PM CET","41 - 60 anni","Femmina","Coniugato/a","Occupato/a","Laurea","Sì","No","","Sì","No","2","No","Sì","4 - 6 ore","No","Sì","No","Sì","Si"
"2022/11/26 1:43:52 PM CET","Fino a 25 anni","Femmina","Celibe/Nubile","Studente/ssa","Diploma di secondo grado","No","","","Sì","No","1","Sì","Sì","Oltre 6 ore","No","Sì","Sì","Sì","Vorrei bere di più"
"2022/11/26 1:48:35 PM CET","Fino a 25 anni","Femmina","Celibe/Nubile","Studente/ssa","Diploma di secondo grado","Sì","No","","No","","2","Sì","No","4 - 6 ore","Sì","Sì","Sì","Sì","Si"
"2022/11/26 1:53:36 PM CET","Fino a 25 anni","Maschio","Celibe/Nubile","Studente/ssa","Diploma di secondo grado","No","","","Sì","Sì, su un dispositivo elettronico","2","Sì","No","Oltre 6 ore","Sì","Sì","Sì","Sì","Si"
"2022/11/26 1:59:03 PM CET","Oltre 60 anni","Maschio","Divorziato/a","Pensionato/a","Laurea","Sì","No","","Sì","No","4","No","No","4 - 6 ore","Sì","Sì","Sì","Sì","Si"
"2022/11/26 2:00:37 PM CET","Oltre 60 anni","Maschio","Separato/a","Pensionato/a","Diploma di secondo grado","No","","","No","","2","No","No","Oltre 6 ore","Sì","Sì","Sì","No","Si"
"2022/11/26 2:02:31 PM CET","41 - 60 anni","Femmina","Coniugato/a","Occupato/a","Diploma di secondo grado","Sì","Sì","Sì, ero soddisfatto/a","Sì","Sì, su un dispositivo elettronico","3","Sì","Sì","4 - 6 ore","Sì","Sì","Sì","Sì","Vorrei bere di più"
"2022/11/26 2:08:12 PM CET","Oltre 60 anni","Femmina","Coniugato/a","Pensionato/a","Laurea","No","","","Sì","Sì, su un dispositivo elettronico","2","No","Sì","4 - 6 ore","Sì","Sì","Sì","No","Vorrei bere di più"
"2022/11/26 2:10:36 PM CET","Oltre 60 anni","Maschio","Coniugato/a","Pensionato/a","Diploma di secondo grado","Sì","Sì","Sì, ma avrei preferito essere seguito/a di più","No","","3","Sì","Sì","4 - 6 ore","No","Sì","Sì","No","Si"
"2022/11/26 2:19:59 PM CET","Fino a 25 anni","Maschio","Celibe/Nubile","Studente/ssa","Diploma di secondo grado","Sì","Sì","Sì, ma avrei preferito essere seguito/a di più","No","","2","No","No","Oltre 6 ore","No","No","No","No","Si"
"2022/11/26 2:20:52 PM CET","Fino a 25 anni","Femmina","Celibe/Nubile","Studente/ssa","Diploma di secondo grado","No","","","Sì","No","3","Sì","No","Oltre 6 ore","Sì","Sì","No","Sì","Vorrei bere di più"
"2022/11/26 2:21:56 PM CET","Fino a 25 anni","Femmina","","Studente/ssa","Diploma di secondo grado","Sì","No","","Sì","Sì, su un dispositivo elettronico","3","Sì","No","Oltre 6 ore","Sì","Sì","Sì","Sì","Si"
"2022/11/26 2:28:19 PM CET","Fino a 25 anni","Altro","Vedovo/a","Casalinga/o","Licenza elementare","No","","","No","","1","No","No","Fino a 3 ore","No","Non faccio la spesa","No","Sì","No"
"2022/11/26 2:29:14 PM CET","Fino a 25 anni","Maschio","Celibe/Nubile","Studente/ssa","Laurea","No","","","No","","4","Sì","No","Oltre 6 ore","Sì","Sì","Sì","Sì","Vorrei bere di più"
"2022/11/26 2:34:14 PM CET","Oltre 60 anni","Femmina","Coniugato/a","Pensionato/a","Laurea","No","","","Sì","Sì, su carta","1","No","No","Oltre 6 ore","Sì","Sì","No","No","Vorrei bere di più"
"2022/11/26 2:36:27 PM CET","41 - 60 anni","Maschio","Coniugato/a","Occupato/a","Diploma di secondo grado","Sì","Sì","Sì, ero soddisfatto/a","Sì","Sì, su un dispositivo elettronico","1","No","Sì","Oltre 6 ore","Sì","Sì","Sì","No","Vorrei bere di più"
"2022/11/26 2:38:21 PM CET","41 - 60 anni","Maschio","Celibe/Nubile","Occupato/a","Licenza media","No","","","Sì","Sì, su carta","1","Sì","No","Oltre 6 ore","Sì","Sì","Sì","Sì","Si"
"2022/11/26 2:49:49 PM CET","Fino a 25 anni","Femmina","Celibe/Nubile","Studente/ssa","Diploma di secondo grado","Sì","No","","Sì","Sì, su un dispositivo elettronico","1","Sì","No","Oltre 6 ore","Sì","No","Sì","Sì","Vorrei bere di più"
"2022/11/26 2:51:36 PM CET","Fino a 25 anni","Maschio","Celibe/Nubile","Studente/ssa","Diploma di secondo grado","Sì","Sì","Sì, ma avrei preferito essere seguito/a di più","No","","3","No","No","4 - 6 ore","Sì","Sì","No","Sì","Vorrei bere di più"
"2022/11/26 2:55:12 PM CET","Fino a 25 anni","Femmina","Celibe/Nubile","Studente/ssa","Diploma di secondo grado","No","","","No","","5","No","No","Oltre 6 ore","Sì","Sì","Sì","No","Si"
"2022/11/26 3:05:48 PM CET","41 - 60 anni","Femmina","Divorziato/a","Occupato/a","Diploma di secondo grado","Sì","Sì","Sì, ero soddisfatto/a","No","","2","Sì","No","Oltre 6 ore","No","Sì","No","No","Vorrei bere di più"
"2022/11/26 3:08:23 PM CET","Fino a 25 anni","Maschio","Celibe/Nubile","Disoccupato/a","Diploma di secondo grado","No","","","Sì","Sì, su un dispositivo elettronico","3","Sì","No","4 - 6 ore","Sì","Sì","No","Sì","Vorrei bere di più"
"2022/11/26 3:18:31 PM CET","Fino a 25 anni","Maschio","Celibe/Nubile","Studente/ssa","Diploma di secondo grado","Sì","Sì","Sì, ero soddisfatto/a","Sì","Sì, su un dispositivo elettronico","2","Sì","No","4 - 6 ore","Sì","Sì","Sì","Sì","Vorrei bere di più"
"2022/11/26 3:27:03 PM CET","41 - 60 anni","Maschio","Divorziato/a","Occupato/a","Licenza media","Sì","Sì","Sì, ero soddisfatto/a","No","","1","Sì","Sì","4 - 6 ore","Sì","Sì","Sì","No","Si"
"2022/11/26 3:46:41 PM CET","41 - 60 anni","Maschio","Coniugato/a","Occupato/a","Laurea","Sì","No","","Sì","No","3","Sì","No","4 - 6 ore","No","Sì","Sì","No","Si"
"2022/11/26 4:06:28 PM CET","Fino a 25 anni","Femmina","Celibe/Nubile","Studente/ssa","Diploma di secondo grado","Sì","No","","Sì","No","3","No","No","Oltre 6 ore","Sì","Sì","Sì","Sì","Si"
"2022/11/26 4:20:30 PM CET","Fino a 25 anni","Maschio","Celibe/Nubile","Studente/ssa","Diploma di secondo grado","No","","","No","","3","Sì","No","Oltre 6 ore","Sì","Sì","Sì","Sì","Si"
"2022/11/26 4:23:38 PM CET","41 - 60 anni","Maschio","Celibe/Nubile","Occupato/a","Laurea","Sì","Sì","Sì, ero soddisfatto/a","Sì","No","2","No","No","Oltre 6 ore","No","Sì","No","No","Vorrei bere di più"
"2022/11/26 4:35:19 PM CET","Fino a 25 anni","Femmina","Celibe/Nubile","Studente/ssa","Diploma di secondo grado","No","","","Sì","Sì, su un dispositivo elettronico","2","No","No","4 - 6 ore","Sì","Sì","Sì","Sì","Vorrei bere di più"
"2022/11/26 4:40:42 PM CET","41 - 60 anni","Femmina","Coniugato/a","Occupato/a","Laurea","Sì","Sì","Sì, ero soddisfatto/a","Sì","Sì, su un dispositivo elettronico","1","No","Sì","4 - 6 ore","Sì","Sì","Sì","Sì","Si"
"2022/11/26 5:02:09 PM CET","Fino a 25 anni","Maschio","Celibe/Nubile","Studente/ssa","Diploma di secondo grado","No","","","Sì","No","4","No","No","Oltre 6 ore","Sì","Sì","No","No","Vorrei bere di più"
"2022/11/26 5:05:59 PM CET","41 - 60 anni","Femmina","Coniugato/a","Occupato/a","Diploma di secondo grado","No","","","Sì","Sì, su carta","3","No","No","Oltre 6 ore","No","Sì","No","No","Vorrei bere di più"
"2022/11/26 5:52:59 PM CET","Fino a 25 anni","Maschio","Celibe/Nubile","Studente/ssa","Diploma di secondo grado","No","","","No","","4","No","Sì","Oltre 6 ore","Sì","Sì","Sì","Sì","Si"
"2022/11/26 5:54:27 PM CET","Fino a 25 anni","Maschio","Celibe/Nubile","Occupato/a","Diploma di secondo grado","Sì","Sì","Sì, ero soddisfatto/a","Sì","Sì, su un dispositivo elettronico","1","Sì","Sì","Oltre 6 ore","Sì","Sì","Sì","No","Si"
"2022/11/26 5:56:14 PM CET","Fino a 25 anni","Femmina","Celibe/Nubile","Occupato/a","Diploma di secondo grado","Sì","No","","No","","3","No","No","Oltre 6 ore","Sì","Sì","Sì","No","Si"
"2022/11/26 5:56:43 PM CET","Fino a 25 anni","Maschio","","","","Sì","No","","No","","3","No","No","4 - 6 ore","Sì","Sì","Sì","Sì","Vorrei bere di più"
"2022/11/26 6:01:16 PM CET","Fino a 25 anni","Maschio","Celibe/Nubile","Studente/ssa","Diploma di secondo grado","Sì","Sì","Sì, ma avrei preferito essere seguito/a di più","Sì","No","2","Sì","No","Oltre 6 ore","Sì","Sì","Sì","Sì","Si"
"2022/11/26 6:02:24 PM CET","Oltre 60 anni","Femmina","Coniugato/a","Occupato/a","Diploma di secondo grado","Sì","Sì","Sì, ero soddisfatto/a","No","","5","No","No","4 - 6 ore","Sì","Sì","Sì","No","Si"
"2022/11/26 6:02:43 PM CET","Fino a 25 anni","Femmina","Celibe/Nubile","Studente/ssa","Diploma di secondo grado","Sì","Sì","Sì, ma avrei preferito essere seguito/a di meno","No","","2","Sì","No","Oltre 6 ore","Sì","Sì","Sì","Sì","Si"
"2022/11/26 6:05:39 PM CET","Fino a 25 anni","Maschio","","Disoccupato/a","Diploma di secondo grado","Sì","Sì","Sì, ero soddisfatto/a","Sì","Sì, su un dispositivo elettronico","2","No","No","Oltre 6 ore","Sì","Sì","Sì","Sì","Si"
"2022/11/26 6:07:37 PM CET","Fino a 25 anni","Maschio","Celibe/Nubile","Studente/ssa","Diploma di secondo grado","Sì","No","","Sì","Sì, su un dispositivo elettronico","3","Sì","No","Oltre 6 ore","No","Sì","Sì","No","Si"
"2022/11/26 6:10:39 PM CET","26 - 40 anni","Femmina","Celibe/Nubile","Occupato/a","Diploma di secondo grado","Sì","Sì","Sì, ero soddisfatto/a","Sì","Sì, su un dispositivo elettronico","2","No","Sì","4 - 6 ore","Sì","Sì","Sì","No","Vorrei bere di più"
"2022/11/26 6:16:49 PM CET","Fino a 25 anni","Maschio","Celibe/Nubile","Occupato/a","Diploma di secondo grado","Sì","No","","Sì","Sì, su carta","1","Sì","No","4 - 6 ore","Sì","Sì","Sì","No","Si"
"2022/11/26 6:18:39 PM CET","Fino a 25 anni","Maschio","Celibe/Nubile","Studente/ssa","Diploma di secondo grado","Sì","No","","No","","4","No","No","Oltre 6 ore","Sì","No","No","Sì","Vorrei bere di più"
"2022/11/26 6:23:25 PM CET","Oltre 60 anni","Altro","Vedovo/a","Pensionato/a","Licenza elementare","No","","","No","","4","No","No","Oltre 6 ore","Sì","Sì","Sì","No","Si"
"2022/11/26 6:26:28 PM CET","Fino a 25 anni","Femmina","Celibe/Nubile","Studente/ssa","Licenza media","No","","","Sì","No","2","Sì","No","Oltre 6 ore","Sì","Sì","Sì","Sì","Si"
"2022/11/26 6:26:57 PM CET","Fino a 25 anni","Femmina","Celibe/Nubile","Occupato/a","Laurea","No","","","Sì","Sì, su un dispositivo elettronico","3","No","Sì","Oltre 6 ore","Sì","Sì","Sì","Sì","Si"
"2022/11/26 6:32:09 PM CET","Fino a 25 anni","Maschio","Celibe/Nubile","Occupato/a","Diploma di secondo grado","Sì","No","","Sì","Sì, su un dispositivo elettronico","3","Sì","No","4 - 6 ore","Sì","Sì","Sì","Sì","Si"
"2022/11/26 6:33:02 PM CET","Fino a 25 anni","Femmina","Celibe/Nubile","Studente/ssa","Diploma di secondo grado","Sì","Sì","Sì, ero soddisfatto/a","Sì","Sì, su carta","2","No","Sì","Oltre 6 ore","Sì","No","Sì","Sì","Vorrei bere di più"
"2022/11/26 6:42:59 PM CET","26 - 40 anni","Maschio","Celibe/Nubile","Occupato/a","Laurea","Sì","Sì","Sì, ero soddisfatto/a","No","","1","No","Sì","Oltre 6 ore","Sì","Sì","Sì","No","Si"
"2022/11/26 6:47:25 PM CET","41 - 60 anni","Femmina","Coniugato/a","Occupato/a","Laurea","No","","","Sì","Sì, su un dispositivo elettronico","3","Sì","No","Oltre 6 ore","No","Sì","No","No","Si"
"2022/11/26 6:51:46 PM CET","Fino a 25 anni","Maschio","Celibe/Nubile","Studente/ssa","Diploma di secondo grado","No","","","Sì","Sì, su un dispositivo elettronico","2","Sì","Sì","4 - 6 ore","Sì","Sì","Sì","Sì","Vorrei bere di più"
"2022/11/26 7:15:03 PM CET","Fino a 25 anni","Femmina","Celibe/Nubile","Occupato/a","Licenza media","No","","","No","","1","Sì","No","4 - 6 ore","Sì","No","No","No","Vorrei bere di più"
"2022/11/26 7:21:12 PM CET","Fino a 25 anni","Femmina","Coniugato/a","Studente/ssa","Diploma di secondo grado","Sì","Sì","Sì, ero soddisfatto/a","Sì","Sì, su un dispositivo elettronico","3","Sì","Sì","Oltre 6 ore","Sì","Sì","Sì","Sì","No"
"2022/11/26 7:21:34 PM CET","Fino a 25 anni","Femmina","Celibe/Nubile","Studente/ssa","Diploma di secondo grado","Sì","Sì","Sì, ero soddisfatto/a","Sì","Sì, su un dispositivo elettronico","3","Sì","Sì","4 - 6 ore","Sì","Sì","Sì","No","Si"
"2022/11/26 7:22:03 PM CET","Fino a 25 anni","Maschio","Celibe/Nubile","Studente/ssa","Diploma di secondo grado","Sì","Sì","Sì, ero soddisfatto/a","Sì","Sì, su un dispositivo elettronico","1","No","Sì","Oltre 6 ore","No","Sì","No","Sì","Si"
"2022/11/26 7:29:52 PM CET","Oltre 60 anni","Femmina","Coniugato/a","Pensionato/a","Laurea","Sì","Sì","Sì, ero soddisfatto/a","Sì","No","2","No","Sì","4 - 6 ore","No","Sì","No","Sì","Si"
"2022/11/26 7:33:20 PM CET","Fino a 25 anni","Maschio","Celibe/Nubile","Studente/ssa","Diploma di secondo grado","No","","","Sì","Sì, su un dispositivo elettronico","1","Sì","No","4 - 6 ore","Sì","No","No","No","Vorrei bere di più"
"2022/11/26 7:38:52 PM CET","Fino a 25 anni","Maschio","Coniugato/a","Studente/ssa","Laurea","Sì","Sì","Sì, ero soddisfatto/a","Sì","Sì, su un dispositivo elettronico","4","No","Sì","Oltre 6 ore","Sì","Sì","No","No","Si"
"2022/11/26 7:50:51 PM CET","Fino a 25 anni","Maschio","Celibe/Nubile","Studente/ssa","Diploma di secondo grado","No","","","Sì","Sì, su un dispositivo elettronico","3","No","No","Oltre 6 ore","Sì","Sì","Sì","Sì","Vorrei bere di più"
"2022/11/26 7:53:17 PM CET","Fino a 25 anni","Femmina","Celibe/Nubile","Occupato/a","Diploma di secondo grado","No","","","Sì","Sì, su un dispositivo elettronico","3","No","No","4 - 6 ore","Sì","Sì","Sì","Sì","Si"
"2022/11/26 7:53:25 PM CET","Fino a 25 anni","Maschio","Celibe/Nubile","Studente/ssa","Diploma di secondo grado","Sì","Sì","Sì, ero soddisfatto/a","No","","4","No","No","Oltre 6 ore","Sì","Sì","Sì","Sì","Si"
"2022/11/26 8:15:24 PM CET","Fino a 25 anni","Maschio","Celibe/Nubile","Occupato/a","Diploma di secondo grado","No","","","No","","3","Sì","No","Fino a 3 ore","Sì","No","No","Sì","Vorrei bere di più"
"2022/11/26 8:16:05 PM CET","41 - 60 anni","Femmina","Celibe/Nubile","Occupato/a","Laurea","Sì","Sì","Sì, ero soddisfatto/a","No","","1","No","No","Oltre 6 ore","Sì","Sì","Sì","No","Si"
"2022/11/26 8:17:45 PM CET","Fino a 25 anni","Maschio","Celibe/Nubile","Studente/ssa","Laurea","Sì","Sì","Sì, ma avrei preferito essere seguito/a di più","Sì","Sì, su un dispositivo elettronico","3","Sì","No","4 - 6 ore","Sì","Sì","No","Sì","Si"
"2022/11/26 8:48:30 PM CET","Fino a 25 anni","Femmina","Celibe/Nubile","Studente/ssa","Laurea","Sì","Sì","Sì, ero soddisfatto/a","Sì","Sì, su un dispositivo elettronico","5","No","No","Oltre 6 ore","Sì","Sì","Sì","Sì","Vorrei bere di più"
"2022/11/26 8:52:08 PM CET","Oltre 60 anni","Femmina","Coniugato/a","Occupato/a","Laurea","Sì","No","","Sì","Sì, su carta","5","No","No","Oltre 6 ore","No","Sì","No","Sì","Vorrei bere di più"
"2022/11/26 8:53:55 PM CET","26 - 40 anni","Femmina","Coniugato/a","Occupato/a","Laurea","No","","","Sì","Sì, su carta","5","No","No","4 - 6 ore","Sì","No","No","Sì","Si"
"2022/11/26 9:01:07 PM CET","Fino a 25 anni","Maschio","Celibe/Nubile","Studente/ssa","Laurea","Sì","Sì","Sì, ma avrei preferito essere seguito/a di più","Sì","Sì, su un dispositivo elettronico","2","No","No","4 - 6 ore","Sì","Sì","Sì","Sì","Vorrei bere di più"
"2022/11/26 9:06:46 PM CET","Oltre 60 anni","Maschio","Coniugato/a","Pensionato/a","Laurea","Sì","No","","Sì","No","2","No","Sì","Oltre 6 ore","Sì","Sì","No","Sì","Vorrei bere di più"
"2022/11/26 9:10:19 PM CET","Fino a 25 anni","Femmina","Celibe/Nubile","Studente/ssa","Laurea","Sì","Sì","Sì, ero soddisfatto/a","Sì","Sì, su un dispositivo elettronico","3","No","No","Oltre 6 ore","Sì","Sì","Sì","Sì","Vorrei bere di più"
"2022/11/26 9:15:49 PM CET","Fino a 25 anni","Maschio","Celibe/Nubile","Studente/ssa","Diploma di secondo grado","Sì","No","","Sì","Sì, su un dispositivo elettronico","2","No","Sì","Oltre 6 ore","Sì","Sì","Sì","Sì","Si"
"2022/11/26 9:30:09 PM CET","Fino a 25 anni","Femmina","Celibe/Nubile","Studente/ssa","Diploma di secondo grado","Sì","Sì","Sì, ma avrei preferito essere seguito/a di più","Sì","Sì, su un dispositivo elettronico","3","No","No","4 - 6 ore","Sì","Sì","Sì","No","Si"
"2022/11/26 9:37:32 PM CET","26 - 40 anni","Maschio","Celibe/Nubile","Occupato/a","Diploma di secondo grado","Sì","No","","Sì","No","3","Sì","No","Oltre 6 ore","Sì","Sì","Sì","No","Si"
"2022/11/26 9:37:34 PM CET","Oltre 60 anni","Maschio","Separato/a","Pensionato/a","Laurea","Sì","No","","Sì","Sì, su un dispositivo elettronico","5","No","No","4 - 6 ore","No","Sì","Sì","Sì","Vorrei bere di più"
"2022/11/26 9:38:36 PM CET","Oltre 60 anni","Maschio","Coniugato/a","Pensionato/a","Diploma di secondo grado","No","","","No","","2","No","No","Oltre 6 ore","Sì","Sì","No","No","Si"
"2022/11/26 9:39:01 PM CET","Oltre 60 anni","Maschio","Coniugato/a","Pensionato/a","Licenza media","Sì","No","","Sì","No","4","No","No","Oltre 6 ore","Sì","Non faccio la spesa","Sì","Sì","Si"
"2022/11/26 9:47:11 PM CET","Fino a 25 anni","Femmina","Celibe/Nubile","Studente/ssa","Diploma di secondo grado","Sì","Sì","Sì, ma avrei preferito essere seguito/a di più","No","","2","No","No","Oltre 6 ore","Sì","No","No","No","Vorrei bere di più"
"2022/11/26 9:52:15 PM CET","26 - 40 anni","Femmina","Celibe/Nubile","Occupato/a","Laurea","Sì","No","","No","","2","No","No","Oltre 6 ore","Sì","No","No","Sì","Vorrei bere di più"
"2022/11/26 10:00:29 PM CET","26 - 40 anni","Femmina","Celibe/Nubile","Occupato/a","Laurea","Sì","Sì","Sì, ma avrei preferito essere seguito/a di più","No","","3","No","No","Oltre 6 ore","Sì","Sì","Sì","Sì","Si"
"2022/11/26 10:07:40 PM CET","41 - 60 anni","Maschio","Coniugato/a","Occupato/a","Diploma di secondo grado","Sì","Sì","Sì, ero soddisfatto/a","Sì","Sì, su carta","5","Sì","No","Oltre 6 ore","No","Sì","Sì","No","Si"
"2022/11/26 11:17:52 PM CET","Fino a 25 anni","Maschio","Celibe/Nubile","Studente/ssa","Diploma di secondo grado","No","","","Sì","Sì, su un dispositivo elettronico","2","Sì","No","Oltre 6 ore","Sì","Sì","Sì","No","Si"
"2022/11/26 11:22:50 PM CET","Fino a 25 anni","Maschio","Celibe/Nubile","Studente/ssa","Diploma di secondo grado","No","","","Sì","Sì, su un dispositivo elettronico","2","No","Sì","4 - 6 ore","Sì","Non faccio la spesa","Sì","Sì","Si"
"2022/11/26 11:59:51 PM CET","Oltre 60 anni","Femmina","Coniugato/a","Pensionato/a","Laurea","Sì","Sì","Sì, ma avrei preferito essere seguito/a di più","Sì","Sì, su carta","3","No","Sì","4 - 6 ore","Sì","Sì","No","Sì","Vorrei bere di più"
"2022/11/27 12:19:43 AM CET","Fino a 25 anni","Maschio","Celibe/Nubile","Disoccupato/a","Diploma di secondo grado","No","","","Sì","Sì, su carta","3","No","No","4 - 6 ore","Sì","Sì","Sì","No","Si"
"2022/11/27 12:41:28 AM CET","Fino a 25 anni","Femmina","Celibe/Nubile","Studente/ssa","Diploma di secondo grado","No","","","No","","3","No","No","Oltre 6 ore","No","Sì","No","No","Si"
"2022/11/27 12:42:00 AM CET","Fino a 25 anni","Maschio","Celibe/Nubile","Studente/ssa","Diploma di secondo grado","Sì","No","","Sì","Sì, su un dispositivo elettronico","2","Sì","No","Oltre 6 ore","Sì","Sì","No","Sì","Si"
"2022/11/27 12:51:00 AM CET","Fino a 25 anni","Maschio","Celibe/Nubile","Studente/ssa","Diploma di secondo grado","Sì","Sì","Sì, ero soddisfatto/a","No","","4","No","Sì","Oltre 6 ore","Sì","Sì","No","No","Si"
"2022/11/27 3:08:32 AM CET","Fino a 25 anni","Maschio","Celibe/Nubile","Studente/ssa","Diploma di secondo grado","Sì","Sì","Sì, ma avrei preferito essere seguito/a di meno","No","","1","No","No","4 - 6 ore","Sì","Sì","Sì","Sì","Si"
"2022/11/27 3:13:57 AM CET","Fino a 25 anni","Femmina","Celibe/Nubile","Studente/ssa","Diploma di secondo grado","Sì","Sì","Sì, ero soddisfatto/a","No","","3","Sì","No","4 - 6 ore","Sì","Sì","Sì","Sì","Vorrei bere di più"
"2022/11/27 3:58:23 AM CET","Fino a 25 anni","Femmina","Celibe/Nubile","Occupato/a","Diploma di secondo grado","Sì","Sì","No, avrei preferito essere seguito/a di più","Sì","Sì, su carta","3","Sì","Sì","Oltre 6 ore","Sì","Sì","Sì","Sì","Vorrei bere di più"
"2022/11/27 8:24:51 AM CET","Fino a 25 anni","Femmina","Celibe/Nubile","Studente/ssa","Diploma di secondo grado","Sì","No","","Sì","Sì, su carta","3","Sì","No","Oltre 6 ore","Sì","Sì","Sì","Sì","Vorrei bere di più"
"2022/11/27 9:03:05 AM CET","41 - 60 anni","Maschio","Coniugato/a","Occupato/a","Laurea","No","","","Sì","Sì, su carta","3","No","No","Oltre 6 ore","No","Sì","No","Sì","No"
"2022/11/27 9:29:13 AM CET","41 - 60 anni","Maschio","Celibe/Nubile","Occupato/a","Laurea","Sì","Sì","No, avrei preferito essere seguito/a di più","Sì","No","4","No","No","4 - 6 ore","No","No","No","Sì","Vorrei bere di più"
"2022/11/27 10:53:53 AM CET","Fino a 25 anni","Maschio","Celibe/Nubile","Studente/ssa","Diploma di secondo grado","No","","","No","","5","Sì","No","Oltre 6 ore","Sì","No","No","No","No"
"2022/11/27 11:01:34 AM CET","Fino a 25 anni","Maschio","Celibe/Nubile","Studente/ssa","Diploma di secondo grado","Sì","No","","Sì","No","1","No","No","4 - 6 ore","Sì","No","No","No","Si"
"2022/11/27 11:02:05 AM CET","Fino a 25 anni","Maschio","Celibe/Nubile","Studente/ssa","Diploma di secondo grado","Sì","No","","No","","3","No","No","4 - 6 ore","Sì","Sì","No","No","Si"
"2022/11/27 11:05:12 AM CET","Fino a 25 anni","Maschio","","Studente/ssa","Diploma di secondo grado","No","","","No","","3","No","No","4 - 6 ore","Sì","Sì","Sì","Sì","Si"
"2022/11/27 11:10:38 AM CET","Oltre 60 anni","Femmina","Divorziato/a","Pensionato/a","Laurea","Sì","Sì","No, avrei preferito essere seguito/a di più","Sì","Sì, su carta","3","No","Sì","Oltre 6 ore","Sì","Sì","Sì","No","Si"
"2022/11/27 11:16:53 AM CET","Fino a 25 anni","Maschio","Celibe/Nubile","Studente/ssa","Diploma di secondo grado","No","","","Sì","No","3","No","No","4 - 6 ore","No","No","No","No","Si"
"2022/11/27 11:25:59 AM CET","Fino a 25 anni","Maschio","Celibe/Nubile","Studente/ssa","Diploma di secondo grado","Sì","Sì","Sì, ma avrei preferito essere seguito/a di più","No","","3","No","No","Oltre 6 ore","Sì","Sì","Sì","No","Si"
"2022/11/27 11:26:14 AM CET","Fino a 25 anni","Maschio","Celibe/Nubile","Studente/ssa","Diploma di secondo grado","Sì","No","","No","","2","No","No","Oltre 6 ore","Sì","Non faccio la spesa","No","No","Vorrei bere di più"
"2022/11/27 11:30:25 AM CET","Fino a 25 anni","Maschio","Celibe/Nubile","Studente/ssa","Diploma di secondo grado","Sì","No","","Sì","Sì, su un dispositivo elettronico","3","Sì","Sì","4 - 6 ore","No","Sì","Sì","Sì","Vorrei bere di più"
"2022/11/27 11:35:15 AM CET","Fino a 25 anni","Femmina","Celibe/Nubile","Studente/ssa","Diploma di secondo grado","Sì","Sì","Sì, ero soddisfatto/a","Sì","Sì, su un dispositivo elettronico","1","No","No","Oltre 6 ore","Sì","Sì","Sì","Sì","Vorrei bere di più"
"2022/11/27 11:53:37 AM CET","Fino a 25 anni","Maschio","Celibe/Nubile","Studente/ssa","Diploma di secondo grado","No","","","No","","3","Sì","No","Oltre 6 ore","Sì","Sì","Sì","No","Si"
"2022/11/27 12:05:43 PM CET","Oltre 60 anni","Maschio","Coniugato/a","Pensionato/a","Laurea","Sì","Sì","Sì, ero soddisfatto/a","No","","1","No","No","4 - 6 ore","No","Sì","Sì","No","Si"
"2022/11/27 12:08:34 PM CET","Oltre 60 anni","Femmina","Coniugato/a","Occupato/a","Laurea","Sì","Sì","Sì, ero soddisfatto/a","Sì","Sì, su carta","2","No","Sì","Oltre 6 ore","Sì","Sì","No","Sì","Si"
"2022/11/27 12:10:14 PM CET","Fino a 25 anni","Maschio","Celibe/Nubile","Studente/ssa","Laurea","No","","","No","","3","Sì","No","4 - 6 ore","Sì","Sì","No","Sì","No"
"2022/11/27 12:33:51 PM CET","Fino a 25 anni","Femmina","Celibe/Nubile","Studente/ssa","Diploma di secondo grado","Sì","No","","Sì","Sì, su un dispositivo elettronico","1","Sì","Sì","4 - 6 ore","Sì","Sì","Sì","No","Si"
"2022/11/27 12:51:12 PM CET","Oltre 60 anni","Femmina","Coniugato/a","Pensionato/a","Laurea","No","","","Sì","Sì, su carta","1","Sì","No","Oltre 6 ore","Sì","No","No","Sì","Si"
"2022/11/27 12:52:58 PM CET","26 - 40 anni","Maschio","Celibe/Nubile","Occupato/a","Laurea","No","","","Sì","Sì, su carta","3","No","No","Oltre 6 ore","Sì","No","No","No","Si"
"2022/11/27 12:58:20 PM CET","26 - 40 anni","Maschio","Celibe/Nubile","Studente/ssa","Laurea","Sì","Sì","Sì, ma avrei preferito essere seguito/a di più","Sì","No","4","No","No","4 - 6 ore","Sì","No","No","Sì","Vorrei bere di più"
"2022/11/27 1:10:09 PM CET","41 - 60 anni","Maschio","Coniugato/a","Occupato/a","Diploma di secondo grado","Sì","No","","Sì","No","1","Sì","No","Oltre 6 ore","Sì","Sì","Sì","Sì","Si"
"2022/11/27 1:10:22 PM CET","41 - 60 anni","Femmina","Coniugato/a","Occupato/a","Laurea","Sì","Sì","Sì, ero soddisfatto/a","Sì","Sì, su un dispositivo elettronico","5","No","No","Oltre 6 ore","No","Sì","No","Sì","Vorrei bere di più"
"2022/11/27 1:12:30 PM CET","41 - 60 anni","Femmina","Celibe/Nubile","Occupato/a","Laurea","No","","","Sì","Sì, su carta","2","Sì","No","Oltre 6 ore","Sì","Sì","No","Sì","Vorrei bere di più"
"2022/11/27 1:12:43 PM CET","41 - 60 anni","Femmina","Coniugato/a","Occupato/a","Laurea","No","","","Sì","Sì, su carta","4","No","No","Oltre 6 ore","Sì","Sì","No","No","Vorrei bere di più"
"2022/11/27 1:14:10 PM CET","Fino a 25 anni","Maschio","Celibe/Nubile","Studente/ssa","Diploma di secondo grado","No","","","No","","4","Sì","Sì","4 - 6 ore","Sì","Sì","Sì","Sì","Si"
"2022/11/27 1:16:31 PM CET","Fino a 25 anni","Maschio","Celibe/Nubile","Disoccupato/a","Diploma di secondo grado","Sì","Sì","Sì, ero soddisfatto/a","No","","2","No","No","Oltre 6 ore","Sì","No","No","No","Vorrei bere di più"
"2022/11/27 1:16:52 PM CET","41 - 60 anni","Femmina","Celibe/Nubile","Occupato/a","Laurea","Sì","Sì","No, avrei preferito essere seguito/a di più","Sì","No","2","No","No","Oltre 6 ore","Sì","Sì","No","Sì","Si"
"2022/11/27 1:17:09 PM CET","Fino a 25 anni","Maschio","Celibe/Nubile","Studente/ssa","Diploma di secondo grado","Sì","No","","No","","2","No","No","Oltre 6 ore","Sì","Sì","Sì","No","Si"
"2022/11/27 1:23:54 PM CET","Fino a 25 anni","Maschio","Celibe/Nubile","Studente/ssa","Diploma di secondo grado","Sì","Sì","Sì, ma avrei preferito essere seguito/a di più","Sì","No","1","No","Sì","Oltre 6 ore","Sì","Sì","Sì","No","Si"
"2022/11/27 1:29:03 PM CET","26 - 40 anni","Maschio","Celibe/Nubile","Occupato/a","Laurea","Sì","Sì","Sì, ero soddisfatto/a","Sì","Sì, su un dispositivo elettronico","3","Sì","No","Oltre 6 ore","Sì","No","No","No","Si"
"2022/11/27 1:31:47 PM CET","41 - 60 anni","Femmina","Coniugato/a","Occupato/a","Laurea","Sì","Sì","Sì, ero soddisfatto/a","No","","2","Sì","Sì","4 - 6 ore","Sì","Sì","Sì","No","Vorrei bere di più"
"2022/11/27 1:34:40 PM CET","Fino a 25 anni","Maschio","Celibe/Nubile","Studente/ssa","Diploma di secondo grado","No","","","Sì","Sì, su un dispositivo elettronico","2","No","Sì","Oltre 6 ore","Sì","Sì","Sì","Sì","Si"
"2022/11/27 2:29:06 PM CET","26 - 40 anni","Femmina","Coniugato/a","Occupato/a","Laurea","Sì","Sì","Sì, ero soddisfatto/a","Sì","Sì, su carta","3","No","Sì","4 - 6 ore","No","Sì","Sì","Sì","Si"
"2022/11/27 2:43:29 PM CET","Fino a 25 anni","Maschio","Celibe/Nubile","Studente/ssa","Laurea","No","","","Sì","Sì, su un dispositivo elettronico","4","No","No","4 - 6 ore","Sì","Sì","Sì","Sì","Si"
"2022/11/27 2:49:46 PM CET","41 - 60 anni","Femmina","Coniugato/a","Occupato/a","Diploma di secondo grado","No","","","No","","1","Sì","No","4 - 6 ore","Sì","Sì","Sì","Sì","Si"
"2022/11/27 2:57:30 PM CET","41 - 60 anni","Femmina","Celibe/Nubile","Occupato/a","Laurea","Sì","Sì","Sì, ero soddisfatto/a","Sì","Sì, su carta","2","Sì","No","4 - 6 ore","Sì","Sì","No","Sì","Si"
"2022/11/27 3:06:31 PM CET","41 - 60 anni","Maschio","Celibe/Nubile","Occupato/a","Laurea","Sì","Sì","Sì, ero soddisfatto/a","Sì","No","5","No","Sì","Oltre 6 ore","Sì","Sì","No","Sì","Si"
"2022/11/27 4:14:00 PM CET","Oltre 60 anni","Femmina","Coniugato/a","Pensionato/a","Diploma di secondo grado","Sì","Sì","Sì, ero soddisfatto/a","No","","5","Sì","No","4 - 6 ore","Sì","Sì","Sì","Sì","Vorrei bere di più"
"2022/11/27 4:38:26 PM CET","Fino a 25 anni","Maschio","Celibe/Nubile","Occupato/a","Diploma di secondo grado","No","","","Sì","No","3","No","Sì","4 - 6 ore","Sì","Sì","Sì","Sì","Vorrei bere di più"
"2022/11/27 4:54:59 PM CET","26 - 40 anni","Maschio","Celibe/Nubile","Disoccupato/a","Laurea","Sì","Sì","Sì, ero soddisfatto/a","Sì","Sì, su un dispositivo elettronico","1","No","No","4 - 6 ore","Sì","Sì","No","No","Vorrei bere di più"
"2022/11/27 4:55:52 PM CET","41 - 60 anni","Maschio","Coniugato/a","Occupato/a","Laurea","Sì","No","","Sì","No","3","Sì","No","Oltre 6 ore","No","Sì","Sì","No","Si"
"2022/11/27 4:57:35 PM CET","26 - 40 anni","Maschio","Celibe/Nubile","Occupato/a","Laurea","Sì","Sì","Sì, ero soddisfatto/a","Sì","No","5","No","No","Oltre 6 ore","Sì","Sì","No","Sì","Vorrei bere di più"
"2022/11/27 4:57:45 PM CET","Oltre 60 anni","Maschio","Coniugato/a","Pensionato/a","Laurea","Sì","Sì","Sì, ero soddisfatto/a","Sì","No","2","Sì","No","Oltre 6 ore","Sì","Sì","No","Sì","Si"
"2022/11/27 5:15:54 PM CET","41 - 60 anni","Femmina","Coniugato/a","Occupato/a","Laurea","Sì","Sì","Sì, ero soddisfatto/a","Sì","Sì, su un dispositivo elettronico","4","No","Sì","4 - 6 ore","Sì","Sì","No","Sì","Si"
"2022/11/27 5:33:17 PM CET","41 - 60 anni","Femmina","Coniugato/a","Occupato/a","Laurea","Sì","Sì","Sì, ero soddisfatto/a","Sì","Sì, su carta","1","No","No","Oltre 6 ore","Sì","Sì","Sì","Sì","Si"
"2022/11/27 5:46:16 PM CET","41 - 60 anni","Femmina","Celibe/Nubile","Occupato/a","Diploma di secondo grado","Sì","Sì","Sì, ero soddisfatto/a","Sì","Sì, su carta","3","Sì","Sì","Oltre 6 ore","Sì","Sì","Sì","No","Si"
"2022/11/27 5:49:01 PM CET","41 - 60 anni","Femmina","Coniugato/a","Occupato/a","Laurea","Sì","Sì","Sì, ma avrei preferito essere seguito/a di meno","Sì","Sì, su un dispositivo elettronico","5","No","Sì","Oltre 6 ore","Sì","Sì","No","Sì","Vorrei bere di più"
"2022/11/27 5:51:01 PM CET","26 - 40 anni","Femmina","Divorziato/a","Occupato/a","Diploma di secondo grado","Sì","Sì","Sì, ero soddisfatto/a","No","","4","No","No","Oltre 6 ore","Sì","Sì","No","Sì","Vorrei bere di più"
"2022/11/27 6:15:56 PM CET","Fino a 25 anni","Femmina","Celibe/Nubile","Studente/ssa","Diploma di secondo grado","No","","","Sì","No","3","No","No","Oltre 6 ore","Sì","Sì","No","Sì","Vorrei bere di più"
"2022/11/27 6:18:41 PM CET","26 - 40 anni","Femmina","Coniugato/a","Occupato/a","Laurea","No","","","Sì","Sì, su un dispositivo elettronico","1","Sì","No","4 - 6 ore","Sì","Sì","Sì","Sì","Vorrei bere di più"
"2022/11/27 6:18:47 PM CET","Fino a 25 anni","Maschio","Celibe/Nubile","Studente/ssa","Diploma di secondo grado","No","","","Sì","Sì, su carta","2","Sì","No","Oltre 6 ore","Sì","Sì","Sì","Sì","Si"
"2022/11/27 6:31:08 PM CET","Fino a 25 anni","Maschio","Celibe/Nubile","Occupato/a","Diploma di secondo grado","Sì","No","","Sì","No","1","No","Sì","4 - 6 ore","Sì","Non faccio la spesa","Sì","Sì","Si"
"2022/11/27 6:34:23 PM CET","26 - 40 anni","Maschio","Celibe/Nubile","Studente/ssa","Diploma di secondo grado","Sì","Sì","Sì, ero soddisfatto/a","No","","3","Sì","No","4 - 6 ore","Sì","No","No","Sì","Vorrei bere di più"
"2022/11/27 6:41:22 PM CET","Fino a 25 anni","Maschio","Celibe/Nubile","Studente/ssa","Nessun titolo","No","","","Sì","Sì, su un dispositivo elettronico","5","No","No","Oltre 6 ore","Sì","Sì","No","No","Vorrei bere di più"
"2022/11/27 6:57:19 PM CET","Fino a 25 anni","Maschio","Celibe/Nubile","Studente/ssa","Diploma di secondo grado","No","","","No","","1","No","No","4 - 6 ore","Sì","Non faccio la spesa","No","No","Vorrei bere di più"
"2022/11/27 7:51:12 PM CET","Fino a 25 anni","Maschio","Celibe/Nubile","Occupato/a","Diploma di secondo grado","Sì","No","","Sì","No","3","Sì","No","Oltre 6 ore","Sì","Sì","No","Sì","Vorrei bere di più"
"2022/11/27 9:43:29 PM CET","Fino a 25 anni","Maschio","Celibe/Nubile","Disoccupato/a","Diploma di secondo grado","No","","","Sì","Sì, su un dispositivo elettronico","4","Sì","No","4 - 6 ore","No","Sì","No","Sì","Vorrei bere di più"
"2022/11/27 10:25:10 PM CET","41 - 60 anni","Femmina","Coniugato/a","Occupato/a","Laurea","Sì","Sì","No, avrei preferito essere seguito/a di più","Sì","Sì, su carta","5","Sì","No","4 - 6 ore","Sì","Sì","Sì","No","No"
"2022/11/28 7:24:46 AM CET","41 - 60 anni","Femmina","Coniugato/a","Occupato/a","Laurea","Sì","No","","No","","2","No","No","Oltre 6 ore","Sì","Sì","Sì","No","Si"
"2022/11/28 8:47:48 AM CET","41 - 60 anni","Femmina","Coniugato/a","Occupato/a","Diploma di secondo grado","Sì","Sì","Sì, ero soddisfatto/a","No","","5","No","No","4 - 6 ore","Sì","Sì","Sì","Sì","Si"
"2022/11/28 10:07:33 AM CET","41 - 60 anni","Femmina","Coniugato/a","Occupato/a","Diploma di secondo grado","No","","","No","","4","No","No","4 - 6 ore","Sì","Sì","Sì","No","Vorrei bere di più"
"2022/11/28 12:19:16 PM CET","Fino a 25 anni","Femmina","Celibe/Nubile","Studente/ssa","Diploma di secondo grado","Sì","Sì","Sì, ero soddisfatto/a","Sì","No","2","No","No","4 - 6 ore","Sì","Sì","Sì","Sì","Si"
"2022/11/28 3:44:01 PM CET","Fino a 25 anni","Femmina","Celibe/Nubile","Studente/ssa","Diploma di secondo grado","Sì","Sì","Sì, ero soddisfatto/a","Sì","Sì, su un dispositivo elettronico","2","Sì","No","4 - 6 ore","Sì","Sì","Sì","No","Si"
"2022/11/28 4:30:22 PM CET","Fino a 25 anni","Maschio","Celibe/Nubile","Studente/ssa","Diploma di secondo grado","No","","","Sì","Sì, su un dispositivo elettronico","3","Sì","No","Oltre 6 ore","Sì","Sì","Sì","Sì","Si"
"2022/11/28 4:44:59 PM CET","Fino a 25 anni","Altro","Celibe/Nubile","Studente/ssa","Diploma di secondo grado","Sì","No","","Sì","Sì, su un dispositivo elettronico","3","Sì","No","Oltre 6 ore","Sì","Sì","Sì","Sì","Vorrei bere di più"
"2022/11/28 6:54:32 PM CET","Fino a 25 anni","Femmina","Coniugato/a","Studente/ssa","Diploma di secondo grado","Sì","Sì","Sì, ma avrei preferito essere seguito/a di più","Sì","Sì, su un dispositivo elettronico","4","Sì","No","4 - 6 ore","Sì","Sì","Sì","Sì","Vorrei bere di più"
"2022/11/28 6:55:47 PM CET","Fino a 25 anni","Maschio","Celibe/Nubile","Studente/ssa","Diploma di secondo grado","Sì","No","","Sì","Sì, su un dispositivo elettronico","5","Sì","Sì","Oltre 6 ore","Sì","Sì","No","Sì","Si"
"2022/11/28 6:57:15 PM CET","Fino a 25 anni","Femmina","Celibe/Nubile","Studente/ssa","Diploma di secondo grado","Sì","Sì","Sì, ma avrei preferito essere seguito/a di più","No","","4","No","Sì","Oltre 6 ore","Sì","Sì","Sì","No","Si"
"2022/11/28 6:59:15 PM CET","Fino a 25 anni","Maschio","Celibe/Nubile","Studente/ssa","Diploma di secondo grado","Sì","No","","No","","1","Sì","No","4 - 6 ore","Sì","Non faccio la spesa","No","No","Vorrei bere di più"
"2022/11/28 7:05:16 PM CET","26 - 40 anni","Femmina","Coniugato/a","Occupato/a","Laurea","No","","","Sì","Sì, su un dispositivo elettronico","2","Sì","No","Oltre 6 ore","No","Sì","No","Sì","Vorrei bere di più"
"2022/11/28 7:06:38 PM CET","Fino a 25 anni","Femmina","Celibe/Nubile","Studente/ssa","Diploma di secondo grado","Sì","No","","Sì","Sì, su un dispositivo elettronico","2","Sì","No","Oltre 6 ore","Sì","Non faccio la spesa","No","Sì","Vorrei bere di più"
"2022/11/28 7:08:54 PM CET","Fino a 25 anni","Maschio","Celibe/Nubile","Studente/ssa","Diploma di secondo grado","Sì","No","","Sì","Sì, su un dispositivo elettronico","4","No","No","Oltre 6 ore","Sì","Sì","Sì","Sì","Si"
"2022/11/28 7:13:45 PM CET","Fino a 25 anni","Femmina","Celibe/Nubile","Studente/ssa","Diploma di secondo grado","Sì","No","","No","","5","Sì","Sì","Oltre 6 ore","Sì","Sì","Sì","Sì","Si"
"2022/11/28 7:20:22 PM CET","Fino a 25 anni","Femmina","Celibe/Nubile","Studente/ssa","Diploma di secondo grado","No","","","Sì","No","5","Sì","Sì","Oltre 6 ore","Sì","No","Sì","No","Si"
"2022/11/28 7:22:03 PM CET","Fino a 25 anni","Maschio","Celibe/Nubile","Studente/ssa","Diploma di secondo grado","No","","","Sì","No","4","Sì","No","Oltre 6 ore","Sì","Sì","Sì","Sì","Vorrei bere di più"
"2022/11/28 8:12:01 PM CET","Fino a 25 anni","Femmina","Celibe/Nubile","Studente/ssa","Diploma di secondo grado","Sì","Sì","Sì, ero soddisfatto/a","Sì","No","2","No","No","Oltre 6 ore","Sì","Sì","Sì","Sì","Vorrei bere di più"
"2022/11/28 8:17:10 PM CET","41 - 60 anni","Maschio","Coniugato/a","Occupato/a","Diploma di secondo grado","Sì","Sì","Sì, ero soddisfatto/a","No","","3","No","Sì","4 - 6 ore","Sì","Sì","Sì","No","Si"
"2022/11/28 8:18:38 PM CET","41 - 60 anni","Maschio","Coniugato/a","Occupato/a","Diploma di secondo grado","Sì","Sì","Sì, ero soddisfatto/a","No","","3","No","Sì","4 - 6 ore","Sì","Sì","Sì","No","Si"
"2022/11/28 10:37:38 PM CET","Fino a 25 anni","Femmina","Celibe/Nubile","Studente/ssa","Diploma di secondo grado","Sì","No","","Sì","Sì, su un dispositivo elettronico","4","Sì","No","Oltre 6 ore","Sì","Sì","Sì","Sì","Si"
"2022/11/28 10:53:17 PM CET","Fino a 25 anni","Femmina","Celibe/Nubile","Studente/ssa","Diploma di secondo grado","Sì","Sì","Sì, ero soddisfatto/a","Sì","Sì, su un dispositivo elettronico","5","Sì","Sì","Oltre 6 ore","Sì","Sì","No","Sì","No"
"2022/11/29 12:02:01 AM CET","Fino a 25 anni","Femmina","Celibe/Nubile","Studente/ssa","Diploma di secondo grado","No","","","Sì","Sì, su un dispositivo elettronico","5","Sì","No","Oltre 6 ore","Sì","No","Sì","Sì","Si"
"2022/11/29 12:18:57 AM CET","Fino a 25 anni","Femmina","Celibe/Nubile","Studente/ssa","Diploma di secondo grado","Sì","Sì","Sì, ero soddisfatto/a","Sì","Sì, su un dispositivo elettronico","3","Sì","Sì","Oltre 6 ore","Sì","Sì","Sì","No","Si"
"2022/11/29 10:29:05 AM CET","Fino a 25 anni","Maschio","Celibe/Nubile","Studente/ssa","Diploma di secondo grado","Sì","No","","Sì","No","3","Sì","Sì","Oltre 6 ore","Sì","Sì","Sì","Sì","Si"
"2022/11/29 10:54:15 AM CET","Fino a 25 anni","Femmina","Celibe/Nubile","Studente/ssa","Diploma di secondo grado","No","","","Sì","Sì, su carta","3","Sì","Sì","4 - 6 ore","Sì","Sì","Sì","No","Vorrei bere di più"
"2022/11/29 2:10:01 PM CET","Fino a 25 anni","Maschio","Celibe/Nubile","Studente/ssa","Diploma di secondo grado","Sì","No","","Sì","Sì, su un dispositivo elettronico","4","No","No","Oltre 6 ore","Sì","Sì","Sì","Sì","Si"
"2022/11/29 3:02:11 PM CET","Fino a 25 anni","Maschio","Celibe/Nubile","Occupato/a","Diploma di secondo grado","No","","","Sì","Sì, su un dispositivo elettronico","3","Sì","Sì","Oltre 6 ore","Sì","Sì","Sì","No","Vorrei bere di più"
"2022/11/29 7:26:57 PM CET","Fino a 25 anni","Maschio","Celibe/Nubile","Studente/ssa","Diploma di secondo grado","No","","","Sì","No","2","No","No","4 - 6 ore","No","Sì","Sì","Sì","Vorrei bere di più"
"2022/11/29 7:27:22 PM CET","Fino a 25 anni","Femmina","Celibe/Nubile","Studente/ssa","Diploma di secondo grado","No","","","No","","3","Sì","No","4 - 6 ore","No","Non faccio la spesa","No","Sì","Vorrei bere di più"
"2022/11/29 7:28:05 PM CET","Fino a 25 anni","Femmina","Vedovo/a","Studente/ssa","Diploma di secondo grado","Sì","Sì","No, avrei preferito essere seguito/a di più","No","","3","No","No","Oltre 6 ore","Sì","Sì","Sì","Sì","Vorrei bere di più"
"2022/11/29 7:28:36 PM CET","Fino a 25 anni","Maschio","Celibe/Nubile","Studente/ssa","Diploma di secondo grado","No","","","No","","2","Sì","No","Oltre 6 ore","Sì","Sì","Sì","Sì","Vorrei bere di più"
"2022/11/29 7:29:35 PM CET","Fino a 25 anni","Femmina","Celibe/Nubile","Studente/ssa","Diploma di secondo grado","No","","","Sì","No","3","No","No","4 - 6 ore","Sì","Sì","No","Sì","Si"
"2022/11/29 7:29:36 PM CET","Fino a 25 anni","Maschio","Celibe/Nubile","Studente/ssa","Diploma di secondo grado","No","","","No","","1","No","No","4 - 6 ore","No","Sì","No","No","Si"
"2022/11/29 7:29:59 PM CET","Fino a 25 anni","Femmina","Celibe/Nubile","Studente/ssa","Diploma di secondo grado","No","","","Sì","No","1","Sì","Sì","Oltre 6 ore","Sì","Sì","Sì","Sì","Vorrei bere di più"
"2022/11/29 7:30:49 PM CET","41 - 60 anni","Femmina","Coniugato/a","Occupato/a","Laurea","No","","","Sì","Sì, su un dispositivo elettronico","5","No","No","4 - 6 ore","Sì","Sì","Sì","No","Si"
"2022/11/29 7:30:49 PM CET","Fino a 25 anni","Maschio","Celibe/Nubile","Studente/ssa","Diploma di secondo grado","No","","","Sì","Sì, su carta","2","No","No","Oltre 6 ore","Sì","Sì","Sì","Sì","Si"
"2022/11/29 7:31:34 PM CET","Fino a 25 anni","Femmina","Celibe/Nubile","Studente/ssa","Diploma di secondo grado","Sì","Sì","Sì, ero soddisfatto/a","No","","1","Sì","Sì","4 - 6 ore","No","Sì","Sì","No","Vorrei bere di più"
"2022/11/29 7:31:42 PM CET","Fino a 25 anni","Femmina","Celibe/Nubile","Studente/ssa","Diploma di secondo grado","Sì","No","","Sì","No","3","No","Sì","Oltre 6 ore","Sì","Sì","Sì","Sì","Si"
"2022/11/29 7:31:48 PM CET","Fino a 25 anni","Femmina","Celibe/Nubile","Studente/ssa","Diploma di secondo grado","Sì","No","","Sì","No","1","Sì","No","Fino a 3 ore","No","Sì","No","Sì","Si"
"2022/11/29 7:32:00 PM CET","Fino a 25 anni","Maschio","Celibe/Nubile","Occupato/a","Diploma di secondo grado","Sì","Sì","Sì, ero soddisfatto/a","Sì","Sì, su un dispositivo elettronico","3","Sì","No","Oltre 6 ore","Sì","Sì","No","Sì","Si"
"2022/11/29 7:33:15 PM CET","Fino a 25 anni","Femmina","Celibe/Nubile","Studente/ssa","Diploma di secondo grado","No","","","Sì","No","3","Sì","No","Oltre 6 ore","Sì","Non faccio la spesa","Sì","No","Vorrei bere di più"
"2022/11/29 7:33:18 PM CET","Fino a 25 anni","Femmina","Celibe/Nubile","Studente/ssa","Diploma di secondo grado","Sì","Sì","Sì, ero soddisfatto/a","No","","4","No","Sì","Oltre 6 ore","Sì","Sì","Sì","Sì","Si"
"2022/11/29 7:33:22 PM CET","Fino a 25 anni","Maschio","Celibe/Nubile","Studente/ssa","Diploma di secondo grado","No","","","No","","3","Sì","No","4 - 6 ore","Sì","Non faccio la spesa","Sì","No","No"
"2022/11/29 7:33:34 PM CET","Fino a 25 anni","Femmina","Celibe/Nubile","Studente/ssa","Diploma di secondo grado","Sì","No","","Sì","No","2","No","No","Oltre 6 ore","Sì","Sì","Sì","Sì","Si"
"2022/11/29 7:33:43 PM CET","Fino a 25 anni","Femmina","Celibe/Nubile","Studente/ssa","Diploma di secondo grado","No","","","Sì","Sì, su un dispositivo elettronico","3","No","No","Oltre 6 ore","Sì","Sì","Sì","No","Vorrei bere di più"
"2022/11/29 7:34:13 PM CET","Fino a 25 anni","Maschio","Celibe/Nubile","Studente/ssa","Diploma di secondo grado","No","","","Sì","Sì, su carta","3","Sì","No","4 - 6 ore","Sì","Sì","Sì","Sì","Si"
"2022/11/29 7:35:01 PM CET","Fino a 25 anni","Femmina","Celibe/Nubile","Studente/ssa","Diploma di secondo grado","No","","","Sì","Sì, su un dispositivo elettronico","1","No","Sì","Oltre 6 ore","Sì","Sì","No","No","Vorrei bere di più"
"2022/11/29 7:35:03 PM CET","Fino a 25 anni","Femmina","Celibe/Nubile","Studente/ssa","Diploma di secondo grado","Sì","No","","No","","5","Sì","No","Oltre 6 ore","Sì","Sì","Sì","Sì","Si"
"2022/11/29 7:35:08 PM CET","Fino a 25 anni","Femmina","Celibe/Nubile","Studente/ssa","Diploma di secondo grado","No","","","Sì","Sì, su un dispositivo elettronico","2","Sì","Sì","Oltre 6 ore","Sì","Sì","Sì","No","Vorrei bere di più"
"2022/11/29 7:35:11 PM CET","Fino a 25 anni","Maschio","Celibe/Nubile","Studente/ssa","Diploma di secondo grado","No","","","No","","2","No","Sì","Oltre 6 ore","Sì","Sì","Sì","Sì","Vorrei bere di più"
"2022/11/29 7:36:11 PM CET","Fino a 25 anni","Femmina","Celibe/Nubile","Studente/ssa","Diploma di secondo grado","Sì","No","","Sì","Sì, su un dispositivo elettronico","3","Sì","Sì","Oltre 6 ore","Sì","No","Sì","Sì","Vorrei bere di più"
"2022/11/29 7:36:20 PM CET","Fino a 25 anni","Maschio","Celibe/Nubile","Studente/ssa","Diploma di secondo grado","No","","","Sì","Sì, su un dispositivo elettronico","3","No","No","4 - 6 ore","Sì","Sì","Sì","Sì","Vorrei bere di più"
"2022/11/29 7:36:37 PM CET","Fino a 25 anni","Femmina","Coniugato/a","Studente/ssa","Diploma di secondo grado","Sì","Sì","Sì, ero soddisfatto/a","Sì","Sì, su un dispositivo elettronico","5","Sì","Sì","Oltre 6 ore","No","Sì","Sì","No","Si"
"2022/11/29 7:36:50 PM CET","26 - 40 anni","Maschio","Celibe/Nubile","Occupato/a","Laurea","Sì","Sì","Sì, ero soddisfatto/a","Sì","Sì, su un dispositivo elettronico","4","No","Sì","Oltre 6 ore","Sì","Sì","Sì","Sì","Vorrei bere di più"
"2022/11/29 7:36:51 PM CET","Fino a 25 anni","Maschio","Celibe/Nubile","Studente/ssa","Diploma di secondo grado","Sì","No","","Sì","Sì, su un dispositivo elettronico","5","Sì","Sì","4 - 6 ore","Sì","Sì","Sì","Sì","Si"
"2022/11/29 7:37:05 PM CET","Fino a 25 anni","Femmina","Celibe/Nubile","Studente/ssa","Diploma di secondo grado","No","","","Sì","No","2","Sì","No","4 - 6 ore","No","Sì","Sì","No","Vorrei bere di più"
"2022/11/29 7:37:33 PM CET","Fino a 25 anni","Femmina","Celibe/Nubile","Studente/ssa","Diploma di secondo grado","Sì","No","","Sì","Sì, su un dispositivo elettronico","3","No","No","4 - 6 ore","Sì","Sì","Sì","Sì","Vorrei bere di più"
"2022/11/29 7:37:59 PM CET","Fino a 25 anni","Maschio","Coniugato/a","Studente/ssa","Diploma di secondo grado","No","","","Sì","Sì, su un dispositivo elettronico","2","No","No","Oltre 6 ore","No","Sì","Sì","No","Si"
"2022/11/29 7:38:40 PM CET","Fino a 25 anni","Femmina","Celibe/Nubile","Studente/ssa","Diploma di secondo grado","No","","","Sì","Sì, su un dispositivo elettronico","2","No","Sì","Oltre 6 ore","Sì","Sì","Sì","Sì","Vorrei bere di più"
"2022/11/29 7:39:12 PM CET","Fino a 25 anni","Femmina","Celibe/Nubile","Studente/ssa","Diploma di secondo grado","No","","","No","","2","Sì","No","4 - 6 ore","Sì","No","No","Sì","Vorrei bere di più"
"2022/11/29 7:42:27 PM CET","Fino a 25 anni","Femmina","Celibe/Nubile","Studente/ssa","Diploma di secondo grado","Sì","Sì","Sì, ma avrei preferito essere seguito/a di più","Sì","Sì, su un dispositivo elettronico","5","Sì","No","4 - 6 ore","Sì","Sì","No","No","No"
"2022/11/29 7:42:35 PM CET","Fino a 25 anni","Femmina","Celibe/Nubile","Studente/ssa","Diploma di secondo grado","Sì","No","","Sì","Sì, su un dispositivo elettronico","2","Sì","No","Oltre 6 ore","No","Sì","Sì","Sì","Si"
"2022/11/29 7:42:44 PM CET","Fino a 25 anni","Femmina","Celibe/Nubile","Studente/ssa","Diploma di secondo grado","Sì","Sì","Sì, ero soddisfatto/a","Sì","Sì, su un dispositivo elettronico","3","No","No","4 - 6 ore","Sì","Sì","No","Sì","Vorrei bere di più"
"2022/11/29 7:44:56 PM CET","Fino a 25 anni","Femmina","Celibe/Nubile","Studente/ssa","Diploma di secondo grado","No","","","Sì","Sì, su carta","2","Sì","No","4 - 6 ore","Sì","Sì","Sì","No","Vorrei bere di più"
"2022/11/29 7:45:05 PM CET","Fino a 25 anni","Femmina","Celibe/Nubile","Studente/ssa","Diploma di secondo grado","Sì","Sì","Sì, ero soddisfatto/a","Sì","No","2","Sì","No","4 - 6 ore","Sì","Sì","Sì","No","No"
"2022/11/29 7:45:14 PM CET","Fino a 25 anni","Maschio","Celibe/Nubile","Studente/ssa","Diploma di secondo grado","Sì","No","","Sì","Sì, su carta","2","No","No","Oltre 6 ore","Sì","Sì","Sì","Sì","Vorrei bere di più"
"2022/11/29 7:45:33 PM CET","Fino a 25 anni","Femmina","Celibe/Nubile","Studente/ssa","Diploma di secondo grado","Sì","No","","No","","3","No","No","Oltre 6 ore","Sì","Sì","Sì","No","Vorrei bere di più"
"2022/11/29 7:47:22 PM CET","Fino a 25 anni","Maschio","Celibe/Nubile","Studente/ssa","Diploma di secondo grado","No","","","Sì","No","2","No","No","Oltre 6 ore","Sì","Sì","Sì","Sì","Si"
"2022/11/29 7:47:51 PM CET","Fino a 25 anni","Maschio","Celibe/Nubile","Studente/ssa","Diploma di secondo grado","Sì","No","","Sì","No","5","No","No","Oltre 6 ore","Sì","No","Sì","Sì","Vorrei bere di più"
"2022/11/29 7:48:09 PM CET","Fino a 25 anni","Maschio","Coniugato/a","Occupato/a","Diploma di secondo grado","Sì","Sì","Sì, ma avrei preferito essere seguito/a di più","Sì","Sì, su un dispositivo elettronico","4","Sì","No","4 - 6 ore","Sì","No","Sì","Sì","Vorrei bere di più"
"2022/11/29 7:48:39 PM CET","Fino a 25 anni","Femmina","Celibe/Nubile","Studente/ssa","Diploma di secondo grado","No","","","Sì","No","2","No","Sì","Oltre 6 ore","Sì","Sì","No","Sì","Vorrei bere di più"
"2022/11/29 7:49:26 PM CET","Fino a 25 anni","Maschio","Celibe/Nubile","Studente/ssa","Diploma di secondo grado","No","","","No","","3","Sì","Sì","Oltre 6 ore","Sì","Sì","No","Sì","Vorrei bere di più"
"2022/11/29 7:50:16 PM CET","Fino a 25 anni","Femmina","Celibe/Nubile","Studente/ssa","Diploma di secondo grado","Sì","No","","Sì","No","3","No","No","Oltre 6 ore","Sì","Sì","Sì","Sì","Vorrei bere di più"
"2022/11/29 7:50:44 PM CET","Fino a 25 anni","Maschio","Celibe/Nubile","Studente/ssa","Diploma di secondo grado","No","","","No","","4","Sì","No","Oltre 6 ore","Sì","Sì","Sì","No","Vorrei bere di più"
"2022/11/29 7:51:03 PM CET","Fino a 25 anni","Maschio","Celibe/Nubile","Studente/ssa","Diploma di secondo grado","Sì","No","","Sì","Sì, su un dispositivo elettronico","3","Sì","No","4 - 6 ore","Sì","Sì","Sì","Sì","Si"
"2022/11/29 7:51:59 PM CET","Fino a 25 anni","Femmina","Celibe/Nubile","Studente/ssa","Diploma di secondo grado","Sì","Sì","Sì, ma avrei preferito essere seguito/a di più","Sì","Sì, su un dispositivo elettronico","4","Sì","No","4 - 6 ore","Sì","Sì","Sì","No","Vorrei bere di più"
"2022/11/29 7:52:51 PM CET","Fino a 25 anni","Femmina","Celibe/Nubile","Studente/ssa","Diploma di secondo grado","No","","","Sì","No","3","No","No","Oltre 6 ore","No","Sì","Sì","Sì","Vorrei bere di più"
"2022/11/29 7:55:19 PM CET","Fino a 25 anni","Femmina","Celibe/Nubile","Studente/ssa","Diploma di secondo grado","Sì","Sì","No, avrei preferito essere seguito/a di più","Sì","Sì, su un dispositivo elettronico","4","No","Sì","4 - 6 ore","Sì","Sì","Sì","No","Vorrei bere di più"
"2022/11/29 7:56:41 PM CET","Fino a 25 anni","Femmina","Celibe/Nubile","Studente/ssa","Diploma di secondo grado","No","","","Sì","Sì, su un dispositivo elettronico","2","Sì","No","Oltre 6 ore","Sì","Sì","Sì","No","Vorrei bere di più"
"2022/11/29 7:59:01 PM CET","Fino a 25 anni","Femmina","Celibe/Nubile","Studente/ssa","Diploma di secondo grado","Sì","Sì","Sì, ero soddisfatto/a","Sì","Sì, su un dispositivo elettronico","5","Sì","No","4 - 6 ore","Sì","Sì","Sì","Sì","Vorrei bere di più"
"2022/11/29 8:03:06 PM CET","Fino a 25 anni","Femmina","Celibe/Nubile","Studente/ssa","Diploma di secondo grado","No","","","Sì","No","2","Sì","No","Oltre 6 ore","Sì","No","No","No","Vorrei bere di più"
"2022/11/29 8:03:47 PM CET","Fino a 25 anni","Femmina","Celibe/Nubile","Studente/ssa","Diploma di secondo grado","Sì","Sì","Sì, ero soddisfatto/a","No","","1","Sì","No","4 - 6 ore","Sì","Sì","Sì","No","Si"
"2022/11/29 8:03:53 PM CET","Fino a 25 anni","Femmina","Celibe/Nubile","Studente/ssa","Diploma di secondo grado","Sì","Sì","No, avrei preferito essere seguito/a di più","Sì","Sì, su un dispositivo elettronico","2","Sì","No","Oltre 6 ore","Sì","Sì","No","Sì","Vorrei bere di più"
"2022/11/29 8:06:41 PM CET","Fino a 25 anni","Femmina","Celibe/Nubile","Studente/ssa","Diploma di secondo grado","Sì","No","","Sì","No","1","Sì","No","Oltre 6 ore","No","Sì","Sì","No","Si"
"2022/11/29 8:06:41 PM CET","26 - 40 anni","Femmina","Celibe/Nubile","Occupato/a","Laurea","Sì","Sì","Sì, ma avrei preferito essere seguito/a di meno","Sì","Sì, su un dispositivo elettronico","4","Sì","Sì","Oltre 6 ore","Sì","Sì","No","Sì","Vorrei bere di più"
"2022/11/29 8:07:04 PM CET","Fino a 25 anni","Femmina","Celibe/Nubile","Studente/ssa","Diploma di secondo grado","Sì","Sì","Sì, ma avrei preferito essere seguito/a di più","Sì","Sì, su un dispositivo elettronico","2","No","No","4 - 6 ore","Sì","Sì","Sì","Sì","Si"
"2022/11/29 8:08:02 PM CET","Fino a 25 anni","Femmina","Celibe/Nubile","Occupato/a","Diploma di secondo grado","No","","","Sì","Sì, su un dispositivo elettronico","1","No","No","Oltre 6 ore","No","Sì","Sì","No","Vorrei bere di più"
"2022/11/29 8:08:14 PM CET","Fino a 25 anni","Maschio","","Studente/ssa","Diploma di secondo grado","No","","","Sì","Sì, su un dispositivo elettronico","1","No","No","4 - 6 ore","Sì","Sì","Sì","Sì","Si"
"2022/11/29 8:08:20 PM CET","Fino a 25 anni","Femmina","Celibe/Nubile","Studente/ssa","Diploma di secondo grado","No","","","Sì","Sì, su un dispositivo elettronico","2","No","No","Oltre 6 ore","Sì","Sì","Sì","No","Vorrei bere di più"
"2022/11/29 8:09:07 PM CET","Fino a 25 anni","Femmina","Celibe/Nubile","Studente/ssa","Diploma di secondo grado","Sì","Sì","No, avrei preferito essere seguito/a di più","Sì","No","3","Sì","No","Oltre 6 ore","Sì","Sì","Sì","No","No"
"2022/11/29 8:18:36 PM CET","Fino a 25 anni","Maschio","Celibe/Nubile","Studente/ssa","Diploma di secondo grado","No","","","No","","3","No","Sì","Oltre 6 ore","Sì","Sì","No","Sì","Si"
"2022/11/29 8:22:07 PM CET","Fino a 25 anni","Femmina","Celibe/Nubile","Studente/ssa","Diploma di secondo grado","Sì","Sì","Sì, ero soddisfatto/a","Sì","No","1","No","No","Oltre 6 ore","Sì","Sì","Sì","No","No"
"2022/11/29 8:25:17 PM CET","Fino a 25 anni","Maschio","Celibe/Nubile","Studente/ssa","Diploma di secondo grado","No","","","Sì","No","1","Sì","No","Oltre 6 ore","Sì","Sì","Sì","Sì","Vorrei bere di più"
"2022/11/29 8:25:41 PM CET","Fino a 25 anni","Femmina","Celibe/Nubile","Studente/ssa","Diploma di secondo grado","Sì","Sì","Sì, ero soddisfatto/a","Sì","Sì, su un dispositivo elettronico","5","Sì","Sì","Oltre 6 ore","Sì","Sì","Sì","No","Vorrei bere di più"
"2022/11/29 8:27:30 PM CET","Fino a 25 anni","Maschio","Celibe/Nubile","Studente/ssa","Diploma di secondo grado","Sì","No","","Sì","No","4","No","No","Oltre 6 ore","Sì","Sì","Sì","Sì","Si"
"2022/11/29 8:27:51 PM CET","Fino a 25 anni","Maschio","Celibe/Nubile","Studente/ssa","Diploma di secondo grado","No","","","Sì","Sì, su un dispositivo elettronico","2","Sì","Sì","Oltre 6 ore","Sì","Sì","Sì","No","Si"
"2022/11/29 8:28:39 PM CET","Fino a 25 anni","Femmina","Celibe/Nubile","Studente/ssa","Diploma di secondo grado","Sì","No","","Sì","Sì, su un dispositivo elettronico","2","No","No","Oltre 6 ore","Sì","Sì","Sì","Sì","Vorrei bere di più"
"2022/11/29 8:34:07 PM CET","Fino a 25 anni","Femmina","Celibe/Nubile","Studente/ssa","Diploma di secondo grado","Sì","Sì","Sì, ero soddisfatto/a","No","","5","No","No","Oltre 6 ore","Sì","Sì","Sì","No","Vorrei bere di più"
"2022/11/29 8:55:28 PM CET","26 - 40 anni","Maschio","Coniugato/a","Occupato/a","Diploma di secondo grado","No","","","Sì","No","2","No","No","Oltre 6 ore","Sì","Sì","No","No","Si"
"2022/11/29 8:56:25 PM CET","Fino a 25 anni","Femmina","Celibe/Nubile","Studente/ssa","Diploma di secondo grado","No","","","Sì","Sì, su carta","5","No","No","4 - 6 ore","No","Sì","Sì","Sì","Vorrei bere di più"
"2022/11/29 8:58:31 PM CET","Fino a 25 anni","Maschio","Celibe/Nubile","Studente/ssa","Diploma di secondo grado","Sì","No","","Sì","No","2","No","No","Oltre 6 ore","Sì","No","No","No","Si"
"2022/11/29 9:08:37 PM CET","Fino a 25 anni","Maschio","Celibe/Nubile","Studente/ssa","Diploma di secondo grado","Sì","Sì","No, avrei preferito essere seguito/a di più","Sì","Sì, su un dispositivo elettronico","1","No","No","Oltre 6 ore","Sì","Sì","Sì","No","Si"
"2022/11/29 9:17:58 PM CET","Fino a 25 anni","Maschio","Celibe/Nubile","Studente/ssa","Diploma di secondo grado","Sì","No","","No","","1","No","Sì","Oltre 6 ore","Sì","Sì","Sì","No","Si"
"2022/11/29 9:33:16 PM CET","Fino a 25 anni","Maschio","Celibe/Nubile","Studente/ssa","Diploma di secondo grado","No","","","No","","3","Sì","No","4 - 6 ore","Sì","Sì","Sì","Sì","Si"
"2022/11/29 10:06:38 PM CET","Fino a 25 anni","Maschio","Celibe/Nubile","Studente/ssa","Diploma di secondo grado","No","","","Sì","Sì, su un dispositivo elettronico","2","No","Sì","Oltre 6 ore","Sì","Sì","Sì","No","Si"
"2022/11/29 10:14:40 PM CET","Fino a 25 anni","Femmina","Celibe/Nubile","Studente/ssa","Diploma di secondo grado","Sì","Sì","Sì, ero soddisfatto/a","Sì","No","5","No","No","Oltre 6 ore","No","Sì","No","Sì","Vorrei bere di più"
"2022/11/29 10:27:55 PM CET","Fino a 25 anni","Maschio","Celibe/Nubile","Studente/ssa","Diploma di secondo grado","No","","","Sì","Sì, su un dispositivo elettronico","4","No","No","Oltre 6 ore","Sì","Sì","Sì","No","Si"
"2022/11/29 10:33:45 PM CET","Fino a 25 anni","Maschio","Celibe/Nubile","Studente/ssa","Diploma di secondo grado","No","","","Sì","Sì, su un dispositivo elettronico","2","No","No","4 - 6 ore","No","Sì","Sì","Sì","Si"
"2022/11/29 10:36:15 PM CET","26 - 40 anni","Femmina","Coniugato/a","Studente/ssa","Laurea","Sì","No","","No","","1","Sì","No","Oltre 6 ore","Sì","Sì","Sì","No","Si"
"2022/11/29 11:02:34 PM CET","Fino a 25 anni","Maschio","Celibe/Nubile","Studente/ssa","Diploma di secondo grado","No","","","Sì","No","1","No","Sì","Oltre 6 ore","Sì","Sì","Sì","No","Si"
"2022/11/29 11:03:10 PM CET","Fino a 25 anni","Femmina","Celibe/Nubile","Occupato/a","Diploma di secondo grado","No","","","No","","5","Sì","No","Oltre 6 ore","Sì","Sì","Sì","Sì","Vorrei bere di più"
"2022/11/29 11:11:29 PM CET","Fino a 25 anni","Maschio","Celibe/Nubile","Studente/ssa","Diploma di secondo grado","Sì","No","","Sì","Sì, su un dispositivo elettronico","3","No","No","4 - 6 ore","Sì","Sì","Sì","Sì","Si"
"2022/11/29 11:21:13 PM CET","Fino a 25 anni","Femmina","Celibe/Nubile","Studente/ssa","Diploma di secondo grado","Sì","No","","No","","3","No","No","4 - 6 ore","Sì","Sì","Sì","Sì","Vorrei bere di più"
"2022/11/29 11:31:24 PM CET","Fino a 25 anni","Femmina","Celibe/Nubile","Studente/ssa","Diploma di secondo grado","No","","","Sì","Sì, su carta","1","Sì","Sì","4 - 6 ore","Sì","Sì","Sì","No","Vorrei bere di più"
"2022/11/30 12:24:37 AM CET","Fino a 25 anni","Femmina","Celibe/Nubile","Studente/ssa","Laurea","No","","","No","","4","No","No","Oltre 6 ore","No","Sì","Sì","Sì","No"
"2022/11/30 8:21:19 AM CET","Fino a 25 anni","Femmina","Celibe/Nubile","Studente/ssa","Diploma di secondo grado","Sì","Sì","Sì, ero soddisfatto/a","Sì","Sì, su un dispositivo elettronico","1","No","No","Oltre 6 ore","Sì","Sì","Sì","No","No"
"2022/11/30 11:53:22 AM CET","Fino a 25 anni","Femmina","Celibe/Nubile","Studente/ssa","Diploma di secondo grado","No","","","Sì","No","3","No","No","Oltre 6 ore","Sì","No","No","Sì","Si"
"2022/11/30 3:20:08 PM CET","26 - 40 anni","Femmina","Celibe/Nubile","Studente/ssa","Diploma di secondo grado","Sì","Sì","No, avrei preferito essere seguito/a di più","Sì","No","1","Sì","No","4 - 6 ore","No","No","No","Sì","No"
"2022/11/30 5:01:49 PM CET","Fino a 25 anni","Femmina","Celibe/Nubile","Studente/ssa","Diploma di secondo grado","Sì","No","","Sì","Sì, su un dispositivo elettronico","4","Sì","No","Oltre 6 ore","Sì","Sì","No","No","Si"
"2022/12/01 11:24:42 AM CET","Fino a 25 anni","Femmina","Celibe/Nubile","Studente/ssa","Diploma di secondo grado","Sì","No","","Sì","Sì, su un dispositivo elettronico","5","Sì","No","Oltre 6 ore","Sì","No","Sì","Sì","Si"
"2022/12/01 1:00:59 PM CET","Fino a 25 anni","Maschio","Celibe/Nubile","Studente/ssa","Diploma di secondo grado","No","","","Sì","Sì, su un dispositivo elettronico","3","No","No","Oltre 6 ore","Sì","Sì","Sì","No","Si"
"2022/12/01 1:03:02 PM CET","Fino a 25 anni","Maschio","Celibe/Nubile","Studente/ssa","Diploma di secondo grado","No","","","Sì","Sì, su carta","1","No","No","Oltre 6 ore","Sì","Sì","No","Sì","Si"
"2022/12/01 1:09:01 PM CET","Fino a 25 anni","Femmina","Celibe/Nubile","Studente/ssa","Diploma di secondo grado","No","","","No","","2","Sì","No","4 - 6 ore","Sì","Non faccio la spesa","No","Sì","Vorrei bere di più"
"2022/12/01 1:12:50 PM CET","Fino a 25 anni","Maschio","Celibe/Nubile","Studente/ssa","Diploma di secondo grado","Sì","No","","Sì","No","3","No","No","Oltre 6 ore","Sì","Sì","No","Sì","Si"
"2022/12/01 1:30:00 PM CET","Fino a 25 anni","Femmina","Celibe/Nubile","Studente/ssa","Diploma di secondo grado","Sì","No","","Sì","Sì, su un dispositivo elettronico","5","No","Sì","Oltre 6 ore","Sì","No","Sì","Sì","Si"
"2022/12/01 1:32:38 PM CET","Fino a 25 anni","Maschio","Celibe/Nubile","Studente/ssa","Diploma di secondo grado","No","","","No","","5","No","Sì","Oltre 6 ore","Sì","Sì","Sì","Sì","Vorrei bere di più"
"2022/12/01 1:47:09 PM CET","Fino a 25 anni","Maschio","Celibe/Nubile","Studente/ssa","Diploma di secondo grado","No","","","No","","5","No","Sì","Oltre 6 ore","Sì","Sì","Sì","No","Si"
"2022/12/01 2:00:04 PM CET","Fino a 25 anni","Maschio","Celibe/Nubile","Studente/ssa","Diploma di secondo grado","Sì","No","","No","","1","No","No","Oltre 6 ore","Sì","Sì","Sì","Sì","Si"
"2022/12/01 3:00:35 PM CET","Fino a 25 anni","Maschio","Celibe/Nubile","Studente/ssa","Diploma di secondo grado","No","","","No","","4","Sì","No","Oltre 6 ore","Sì","Sì","Sì","Sì","Vorrei bere di più"